<?xml version="1.0" encoding="ISO-8859-1"?><adempiereAD Name="Tabelle_C_BankaccountDoc" Version="1" CompVer="all" DataBase="1" Description=" " creator="1" creatorcontact="1" createddate="2020-11-09 10:03:57.0" updateddate="2020-11-09 10:03:57.0" PackOutVer="005">
    <GenericPO_AD_Window AD_WindowUUID="a5214fc8-fb40-11e8-a479-7a0060f0aa01" TableNameTag="AD_Window" TableIdTag="105" Last_Updated="946792800000" AD_ContextInfo_ID="" IsDefault="false" AD_Window_ID="158" Processing="false" Name="Bank" Help="The Bank Window is used to define the banks and accounts associated with an organization or business partner" Description="Maintain Bank" IsBetaFunctionality="false" WindowType="M" IsSOTrx="true" EntityType="D" AD_Color_ID="" WinWidth="" AD_Image_ID="" WinHeight="" IsActive="true" UUID="a5214fc8-fb40-11e8-a479-7a0060f0aa01"/>
    <GenericPO_AD_Table AD_TableUUID="a4a7cc2a-fb40-11e8-a479-7a0060f0aa01" TableNameTag="AD_Table" TableIdTag="100" Last_Updated="946792800000" IsActive="true" CopyColumnsFromTable="" AD_ContextInfo_ID="" Name="Bank Account Document" IsHighVolume="false" Description="Checks, Transfers, etc." AccessLevel="3" Help="" TableName="C_BankAccountDoc" ReplicationType="L" IsChangeLog="false" ACTriggerLength="0" IsIgnoreMigration="false" IsDocument="false" ImportTable="" IsSecurityEnabled="false" IsDeleteable="true" IsView="false" IsCentrallyMaintained="true" AD_Table_ID="455" EntityType="D" AD_Val_Rule_ID="" AD_Window_ID="158" AD_Window_IDUUID="a5214fc8-fb40-11e8-a479-7a0060f0aa01" LoadSeq="145" PO_Window_ID="" UUID="a4a7cc2a-fb40-11e8-a479-7a0060f0aa01" RequiresSync="false" NameOldValue=""/>
    <GenericPO_AD_Reference AD_ReferenceUUID="a47e9166-fb40-11e8-a479-7a0060f0aa01" TableNameTag="AD_Reference" TableIdTag="102" Last_Updated="1566598717000" ValidationType="D" IsActive="true" Help="" IsOrderByValue="false" VFormat="" Name="Table Direct" Description="Direct Table Access" AD_Reference_ID="19" EntityType="D" UUID="a47e9166-fb40-11e8-a479-7a0060f0aa01"/>
    <GenericPO_AD_Element AD_ElementUUID="8cdb6412-fb40-11e8-a479-7a0060f0aa01" TableNameTag="AD_Element" TableIdTag="276" Last_Updated="1566598716000" PO_Help="" ColumnName="AD_Client_ID" AD_Element_ID="102" Name="Client" Description="Client/Tenant for this installation." PO_Description="" IsActive="true" PO_Name="" Help="A Client is a company or a legal entity. You cannot share data between Clients. Tenant is a synonym for Client." PrintName="Client" PO_PrintName="" FieldLength="22" AD_Reference_ID="19" AD_Reference_IDUUID="a47e9166-fb40-11e8-a479-7a0060f0aa01" EntityType="D" AD_Reference_Value_ID="" UUID="8cdb6412-fb40-11e8-a479-7a0060f0aa01"/>
    <GenericPO_AD_Val_Rule AD_Val_RuleUUID="a4cab302-fb40-11e8-a479-7a0060f0aa01" TableNameTag="AD_Val_Rule" TableIdTag="108" Last_Updated="1557225628000" Type="S" IsActive="true" Code="AD_Client.AD_Client_ID &lt;&gt; 0" Name="AD_Client Trx Security validation" Description="" AD_Val_Rule_ID="129" EntityType="D" UUID="a4cab302-fb40-11e8-a479-7a0060f0aa01"/>
    <GenericPO_AD_Column AD_ColumnUUID="8be47328-fb40-11e8-a479-7a0060f0aa01" TableNameTag="AD_Column" TableIdTag="101" Last_Updated="946792800000" ValueMin="" IsActive="true" IsSyncDatabase="N" IsKey="false" AD_Chart_ID="" AD_Column_ID="6189" Description="Client/Tenant for this installation." AD_Image_ID="" ValueMax="" Name="Client" IsMandatory="true" IsTranslated="false" DefaultValue="@AD_Client_ID@" VFormat="" IsParent="false" IsIdentifier="false" IsSelectionColumn="false" ReadOnlyLogic="" FormatPattern="" MandatoryLogic="" Version="1" ColumnSQL="" ColumnName="AD_Client_ID" Help="A Client is a company or a legal entity. You cannot share data between Clients. Tenant is a synonym for Client." IsUpdateable="false" Callout="" IsAlwaysUpdateable="false" IsEncrypted="N" InfoFactoryClass="" IsAllowLogging="true" IsAutocomplete="false" IsRange="false" IsAllowCopy="false" SeqNo="0" EntityType="D" AD_Table_ID="455" AD_Table_IDUUID="a4a7cc2a-fb40-11e8-a479-7a0060f0aa01" AD_Element_ID="102" AD_Element_IDUUID="8cdb6412-fb40-11e8-a479-7a0060f0aa01" AD_Reference_Value_ID="" AD_Val_Rule_ID="129" AD_Val_Rule_IDUUID="a4cab302-fb40-11e8-a479-7a0060f0aa01" FieldLength="10" AD_Reference_ID="19" AD_Reference_IDUUID="a47e9166-fb40-11e8-a479-7a0060f0aa01" UUID="8be47328-fb40-11e8-a479-7a0060f0aa01" AD_Process_ID="" RequiresSync="false" NameOldValue=""/>
    <GenericPO_AD_Element AD_ElementUUID="8cdb64bc-fb40-11e8-a479-7a0060f0aa01" TableNameTag="AD_Element" TableIdTag="276" Last_Updated="1566598717000" PO_Help="" ColumnName="AD_Org_ID" AD_Element_ID="113" Name="Organization" Description="Organizational entity within client" PO_Description="" IsActive="true" PO_Name="" Help="An organization is a unit of your client or legal entity - examples are store, department. You can share data between organizations." PrintName="Organization" PO_PrintName="" FieldLength="22" AD_Reference_ID="19" AD_Reference_IDUUID="a47e9166-fb40-11e8-a479-7a0060f0aa01" EntityType="D" AD_Reference_Value_ID="" UUID="8cdb64bc-fb40-11e8-a479-7a0060f0aa01"/>
    <GenericPO_AD_Val_Rule AD_Val_RuleUUID="a4ca2982-fb40-11e8-a479-7a0060f0aa01" TableNameTag="AD_Val_Rule" TableIdTag="108" Last_Updated="946792800000" Type="S" IsActive="true" Code="(AD_Org.IsSummary='N' OR AD_Org.AD_Org_ID=0)" Name="AD_Org Security validation" Description="Not Summary - 0 - Organizations of the Client with user acces rights" AD_Val_Rule_ID="104" EntityType="D" UUID="a4ca2982-fb40-11e8-a479-7a0060f0aa01"/>
    <GenericPO_AD_Column AD_ColumnUUID="8be5e92e-fb40-11e8-a479-7a0060f0aa01" TableNameTag="AD_Column" TableIdTag="101" Last_Updated="946792800000" ValueMin="" IsActive="true" IsSyncDatabase="N" IsKey="false" AD_Chart_ID="" AD_Column_ID="6190" Description="Organizational entity within client" AD_Image_ID="" ValueMax="" Name="Organization" IsMandatory="true" IsTranslated="false" DefaultValue="@AD_Org_ID@" VFormat="" IsParent="false" IsIdentifier="false" IsSelectionColumn="false" ReadOnlyLogic="" FormatPattern="" MandatoryLogic="" Version="1" ColumnSQL="" ColumnName="AD_Org_ID" Help="An organization is a unit of your client or legal entity - examples are store, department. You can share data between organizations." IsUpdateable="false" Callout="" IsAlwaysUpdateable="false" IsEncrypted="N" InfoFactoryClass="" IsAllowLogging="true" IsAutocomplete="false" IsRange="false" IsAllowCopy="false" SeqNo="0" EntityType="D" AD_Table_ID="455" AD_Table_IDUUID="a4a7cc2a-fb40-11e8-a479-7a0060f0aa01" AD_Element_ID="113" AD_Element_IDUUID="8cdb64bc-fb40-11e8-a479-7a0060f0aa01" AD_Reference_Value_ID="" AD_Val_Rule_ID="104" AD_Val_Rule_IDUUID="a4ca2982-fb40-11e8-a479-7a0060f0aa01" FieldLength="10" AD_Reference_ID="19" AD_Reference_IDUUID="a47e9166-fb40-11e8-a479-7a0060f0aa01" UUID="8be5e92e-fb40-11e8-a479-7a0060f0aa01" AD_Process_ID="" RequiresSync="false" NameOldValue=""/>
    <GenericPO_AD_Reference AD_ReferenceUUID="a47ec136-fb40-11e8-a479-7a0060f0aa01" TableNameTag="AD_Reference" TableIdTag="102" Last_Updated="1566598716000" ValidationType="D" IsActive="true" Help="" IsOrderByValue="false" VFormat="" Name="ID" Description="10 Digit Identifier" AD_Reference_ID="13" EntityType="D" UUID="a47ec136-fb40-11e8-a479-7a0060f0aa01"/>
    <GenericPO_AD_Element AD_ElementUUID="8cc6cafc-fb40-11e8-a479-7a0060f0aa01" TableNameTag="AD_Element" TableIdTag="276" Last_Updated="1259797566000" PO_Help="" ColumnName="C_BankAccount_ID" AD_Element_ID="836" Name="Bank Account" Description="Account at the Bank" PO_Description="" IsActive="true" PO_Name="" Help="The Bank Account identifies an account at this Bank." PrintName="Bank Account" PO_PrintName="" FieldLength="22" AD_Reference_ID="13" AD_Reference_IDUUID="a47ec136-fb40-11e8-a479-7a0060f0aa01" EntityType="D" AD_Reference_Value_ID="" UUID="8cc6cafc-fb40-11e8-a479-7a0060f0aa01"/>
    <GenericPO_AD_Column AD_ColumnUUID="8c069af2-fb40-11e8-a479-7a0060f0aa01" TableNameTag="AD_Column" TableIdTag="101" Last_Updated="946792800000" ValueMin="" IsActive="true" IsSyncDatabase="N" IsKey="false" AD_Chart_ID="" AD_Column_ID="6196" Description="Account at the Bank" AD_Image_ID="" ValueMax="" Name="Bank Account" IsMandatory="true" IsTranslated="false" DefaultValue="" VFormat="" IsParent="true" IsIdentifier="false" IsSelectionColumn="false" ReadOnlyLogic="" FormatPattern="" MandatoryLogic="" Version="1" ColumnSQL="" ColumnName="C_BankAccount_ID" Help="The Bank Account identifies an account at this Bank." IsUpdateable="false" Callout="" IsAlwaysUpdateable="false" IsEncrypted="N" InfoFactoryClass="" IsAllowLogging="true" IsAutocomplete="false" IsRange="false" IsAllowCopy="true" SeqNo="0" EntityType="D" AD_Table_ID="455" AD_Table_IDUUID="a4a7cc2a-fb40-11e8-a479-7a0060f0aa01" AD_Element_ID="836" AD_Element_IDUUID="8cc6cafc-fb40-11e8-a479-7a0060f0aa01" AD_Reference_Value_ID="" AD_Val_Rule_ID="" FieldLength="10" AD_Reference_ID="19" AD_Reference_IDUUID="a47e9166-fb40-11e8-a479-7a0060f0aa01" UUID="8c069af2-fb40-11e8-a479-7a0060f0aa01" AD_Process_ID="" RequiresSync="false" NameOldValue=""/>
    <GenericPO_AD_Element AD_ElementUUID="8cca6ba8-fb40-11e8-a479-7a0060f0aa01" TableNameTag="AD_Element" TableIdTag="276" Last_Updated="946792800000" PO_Help="" ColumnName="C_BankAccountDoc_ID" AD_Element_ID="1632" Name="Bank Account Document" Description="Checks, Transfers, etc." PO_Description="" IsActive="true" PO_Name="" Help="Bank documents, you generate or track" PrintName="Bank Account Doc" PO_PrintName="" FieldLength="22" AD_Reference_ID="13" AD_Reference_IDUUID="a47ec136-fb40-11e8-a479-7a0060f0aa01" EntityType="D" AD_Reference_Value_ID="" UUID="8cca6ba8-fb40-11e8-a479-7a0060f0aa01"/>
    <GenericPO_AD_Column AD_ColumnUUID="8be230cc-fb40-11e8-a479-7a0060f0aa01" TableNameTag="AD_Column" TableIdTag="101" Last_Updated="946792800000" ValueMin="" IsActive="true" IsSyncDatabase="N" IsKey="true" AD_Chart_ID="" AD_Column_ID="6188" Description="Checks, Transfers, etc." AD_Image_ID="" ValueMax="" Name="Bank Account Document" IsMandatory="true" IsTranslated="false" DefaultValue="" VFormat="" IsParent="false" IsIdentifier="false" IsSelectionColumn="false" ReadOnlyLogic="" FormatPattern="" MandatoryLogic="" Version="1" ColumnSQL="" ColumnName="C_BankAccountDoc_ID" Help="Bank documents, you generate or track" IsUpdateable="false" Callout="" IsAlwaysUpdateable="false" IsEncrypted="N" InfoFactoryClass="" IsAllowLogging="false" IsAutocomplete="false" IsRange="false" IsAllowCopy="false" SeqNo="0" EntityType="D" AD_Table_ID="455" AD_Table_IDUUID="a4a7cc2a-fb40-11e8-a479-7a0060f0aa01" AD_Element_ID="1632" AD_Element_IDUUID="8cca6ba8-fb40-11e8-a479-7a0060f0aa01" AD_Reference_Value_ID="" AD_Val_Rule_ID="" FieldLength="10" AD_Reference_ID="13" AD_Reference_IDUUID="a47ec136-fb40-11e8-a479-7a0060f0aa01" UUID="8be230cc-fb40-11e8-a479-7a0060f0aa01" AD_Process_ID="" RequiresSync="false" NameOldValue=""/>
    <GenericPO_AD_Reference AD_ReferenceUUID="a47d8fd2-fb40-11e8-a479-7a0060f0aa01" TableNameTag="AD_Reference" TableIdTag="102" Last_Updated="946792800000" ValidationType="T" IsActive="true" Help="" IsOrderByValue="false" VFormat="" Name="AD_PrintFormat Check" Description="" AD_Reference_ID="268" EntityType="D" UUID="a47d8fd2-fb40-11e8-a479-7a0060f0aa01"/>
    <GenericPO_AD_Window AD_WindowUUID="a5216e18-fb40-11e8-a479-7a0060f0aa01" TableNameTag="AD_Window" TableIdTag="105" Last_Updated="946792800000" AD_ContextInfo_ID="" IsDefault="false" AD_Window_ID="240" Processing="false" Name="Print Format" Help="The print format determines how data is rendered for print." Description="Maintain Print Format" IsBetaFunctionality="false" WindowType="M" IsSOTrx="true" EntityType="D" AD_Color_ID="" WinWidth="" AD_Image_ID="" WinHeight="" IsActive="true" UUID="a5216e18-fb40-11e8-a479-7a0060f0aa01"/>
    <GenericPO_AD_Table AD_TableUUID="a4a7d3fa-fb40-11e8-a479-7a0060f0aa01" TableNameTag="AD_Table" TableIdTag="100" Last_Updated="946792800000" IsActive="true" CopyColumnsFromTable="" AD_ContextInfo_ID="" Name="Print Format" IsHighVolume="false" Description="Data Print Format" AccessLevel="7" Help="" TableName="AD_PrintFormat" ReplicationType="L" IsChangeLog="false" ACTriggerLength="0" IsIgnoreMigration="false" IsDocument="false" ImportTable="" IsSecurityEnabled="false" IsDeleteable="true" IsView="false" IsCentrallyMaintained="true" AD_Table_ID="493" EntityType="D" AD_Val_Rule_ID="" AD_Window_ID="240" AD_Window_IDUUID="a5216e18-fb40-11e8-a479-7a0060f0aa01" LoadSeq="65" PO_Window_ID="" UUID="a4a7d3fa-fb40-11e8-a479-7a0060f0aa01" RequiresSync="false" NameOldValue=""/>
    <GenericPO_AD_Reference AD_ReferenceUUID="a47e9486-fb40-11e8-a479-7a0060f0aa01" TableNameTag="AD_Reference" TableIdTag="102" Last_Updated="1566598720000" ValidationType="D" IsActive="true" Help="" IsOrderByValue="false" VFormat="" Name="String" Description="Character String" AD_Reference_ID="10" EntityType="D" UUID="a47e9486-fb40-11e8-a479-7a0060f0aa01"/>
    <GenericPO_AD_Element AD_ElementUUID="8cc51572-fb40-11e8-a479-7a0060f0aa01" TableNameTag="AD_Element" TableIdTag="276" Last_Updated="1566598720000" PO_Help="" ColumnName="Name" AD_Element_ID="469" Name="Name" Description="Alphanumeric identifier of the entity" PO_Description="" IsActive="true" PO_Name="" Help="The name of an entity (record) is used as an default search option in addition to the search key. The name is up to 60 characters in length." PrintName="Name" PO_PrintName="" FieldLength="60" AD_Reference_ID="10" AD_Reference_IDUUID="a47e9486-fb40-11e8-a479-7a0060f0aa01" EntityType="D" AD_Reference_Value_ID="" UUID="8cc51572-fb40-11e8-a479-7a0060f0aa01"/>
    <GenericPO_AD_Column AD_ColumnUUID="8bbe303c-fb40-11e8-a479-7a0060f0aa01" TableNameTag="AD_Column" TableIdTag="101" Last_Updated="1597260557000" ValueMin="" IsActive="true" IsSyncDatabase="N" IsKey="false" AD_Chart_ID="" AD_Column_ID="7019" Description="Alphanumeric identifier of the entity" AD_Image_ID="" ValueMax="" Name="Name" IsMandatory="true" IsTranslated="false" DefaultValue="" VFormat="" IsParent="false" IsIdentifier="true" IsSelectionColumn="true" ReadOnlyLogic="" FormatPattern="" MandatoryLogic="" Version="1" ColumnSQL="" ColumnName="Name" Help="The name of an entity (record) is used as an default search option in addition to the search key. The name is up to 60 characters in length." IsUpdateable="true" Callout="" IsAlwaysUpdateable="false" IsEncrypted="N" InfoFactoryClass="" IsAllowLogging="true" IsAutocomplete="false" IsRange="false" IsAllowCopy="true" SeqNo="1" EntityType="D" AD_Table_ID="493" AD_Table_IDUUID="a4a7d3fa-fb40-11e8-a479-7a0060f0aa01" AD_Element_ID="469" AD_Element_IDUUID="8cc51572-fb40-11e8-a479-7a0060f0aa01" AD_Reference_Value_ID="" AD_Val_Rule_ID="" FieldLength="200" AD_Reference_ID="10" AD_Reference_IDUUID="a47e9486-fb40-11e8-a479-7a0060f0aa01" UUID="8bbe303c-fb40-11e8-a479-7a0060f0aa01" AD_Process_ID="" RequiresSync="false" NameOldValue=""/>
    <GenericPO_AD_Element AD_ElementUUID="8cc9dada-fb40-11e8-a479-7a0060f0aa01" TableNameTag="AD_Element" TableIdTag="276" Last_Updated="1557225216000" PO_Help="" ColumnName="AD_PrintFormat_ID" AD_Element_ID="1790" Name="Print Format" Description="Data Print Format" PO_Description="" IsActive="true" PO_Name="" Help="The print format determines how data is rendered for print." PrintName="Print Format" PO_PrintName="" FieldLength="22" AD_Reference_ID="19" AD_Reference_IDUUID="a47e9166-fb40-11e8-a479-7a0060f0aa01" EntityType="D" AD_Reference_Value_ID="" UUID="8cc9dada-fb40-11e8-a479-7a0060f0aa01"/>
    <GenericPO_AD_Column AD_ColumnUUID="8be2d6b2-fb40-11e8-a479-7a0060f0aa01" TableNameTag="AD_Column" TableIdTag="101" Last_Updated="946792800000" ValueMin="" IsActive="true" IsSyncDatabase="N" IsKey="true" AD_Chart_ID="" AD_Column_ID="7026" Description="Data Print Format" AD_Image_ID="" ValueMax="" Name="Print Format" IsMandatory="true" IsTranslated="false" DefaultValue="0" VFormat="" IsParent="false" IsIdentifier="false" IsSelectionColumn="false" ReadOnlyLogic="" FormatPattern="" MandatoryLogic="" Version="1" ColumnSQL="" ColumnName="AD_PrintFormat_ID" Help="The print format determines how data is rendered for print." IsUpdateable="false" Callout="" IsAlwaysUpdateable="false" IsEncrypted="N" InfoFactoryClass="" IsAllowLogging="false" IsAutocomplete="false" IsRange="false" IsAllowCopy="false" SeqNo="0" EntityType="D" AD_Table_ID="493" AD_Table_IDUUID="a4a7d3fa-fb40-11e8-a479-7a0060f0aa01" AD_Element_ID="1790" AD_Element_IDUUID="8cc9dada-fb40-11e8-a479-7a0060f0aa01" AD_Reference_Value_ID="" AD_Val_Rule_ID="" FieldLength="10" AD_Reference_ID="13" AD_Reference_IDUUID="a47ec136-fb40-11e8-a479-7a0060f0aa01" UUID="8be2d6b2-fb40-11e8-a479-7a0060f0aa01" AD_Process_ID="" RequiresSync="false" NameOldValue=""/>
    <GenericPO_AD_Ref_Table AD_Ref_TableUUID="5fb99f32-8716-11e9-9d6a-53a555936d4d" TableNameTag="AD_Ref_Table" TableIdTag="103" Last_Updated="946792800000" IsActive="true" IsValueDisplayed="false" OrderByClause="" WhereClause="AD_PrintFormat.AD_Table_ID=498" IsAlert="false" DisplaySQL="" IsDisplayIdentifier="false" AD_Display="7019" AD_DisplayUUID="8bbe303c-fb40-11e8-a479-7a0060f0aa01" EntityType="D" AD_Table_ID="493" AD_Table_IDUUID="a4a7d3fa-fb40-11e8-a479-7a0060f0aa01" AD_Window_ID="" AD_Key="7026" AD_KeyUUID="8be2d6b2-fb40-11e8-a479-7a0060f0aa01" AD_Reference_ID="268" AD_Reference_IDUUID="a47d8fd2-fb40-11e8-a479-7a0060f0aa01" UUID="5fb99f32-8716-11e9-9d6a-53a555936d4d"/>
    <GenericPO_AD_Reference AD_ReferenceUUID="a47e9292-fb40-11e8-a479-7a0060f0aa01" TableNameTag="AD_Reference" TableIdTag="102" Last_Updated="1566598718000" ValidationType="D" IsActive="true" Help="" IsOrderByValue="false" VFormat="" Name="Table" Description="Table List" AD_Reference_ID="18" EntityType="D" UUID="a47e9292-fb40-11e8-a479-7a0060f0aa01"/>
    <GenericPO_AD_Element AD_ElementUUID="8cc9edae-fb40-11e8-a479-7a0060f0aa01" TableNameTag="AD_Element" TableIdTag="276" Last_Updated="946792800000" PO_Help="" ColumnName="Check_PrintFormat_ID" AD_Element_ID="1820" Name="Check Print Format" Description="Print Format for printing Checks" PO_Description="" IsActive="true" PO_Name="" Help="You need to define a Print Format to print the document." PrintName="Check Print Format" PO_PrintName="" FieldLength="22" AD_Reference_ID="18" AD_Reference_IDUUID="a47e9292-fb40-11e8-a479-7a0060f0aa01" EntityType="D" AD_Reference_Value_ID="268" AD_Reference_Value_IDUUID="a47d8fd2-fb40-11e8-a479-7a0060f0aa01" UUID="8cc9edae-fb40-11e8-a479-7a0060f0aa01"/>
    <GenericPO_AD_Column AD_ColumnUUID="8c070816-fb40-11e8-a479-7a0060f0aa01" TableNameTag="AD_Column" TableIdTag="101" Last_Updated="946792800000" ValueMin="" IsActive="true" IsSyncDatabase="N" IsKey="false" AD_Chart_ID="" AD_Column_ID="7041" Description="Print Format for printing Checks" AD_Image_ID="" ValueMax="" Name="Check Print Format" IsMandatory="false" IsTranslated="false" DefaultValue="" VFormat="" IsParent="false" IsIdentifier="false" IsSelectionColumn="false" ReadOnlyLogic="" FormatPattern="" MandatoryLogic="" Version="1" ColumnSQL="" ColumnName="Check_PrintFormat_ID" Help="You need to define a Print Format to print the document." IsUpdateable="true" Callout="" IsAlwaysUpdateable="false" IsEncrypted="N" InfoFactoryClass="" IsAllowLogging="true" IsAutocomplete="false" IsRange="false" IsAllowCopy="true" SeqNo="0" EntityType="D" AD_Table_ID="455" AD_Table_IDUUID="a4a7cc2a-fb40-11e8-a479-7a0060f0aa01" AD_Element_ID="1820" AD_Element_IDUUID="8cc9edae-fb40-11e8-a479-7a0060f0aa01" AD_Reference_Value_ID="268" AD_Reference_Value_IDUUID="a47d8fd2-fb40-11e8-a479-7a0060f0aa01" AD_Val_Rule_ID="" FieldLength="10" AD_Reference_ID="18" AD_Reference_IDUUID="a47e9292-fb40-11e8-a479-7a0060f0aa01" UUID="8c070816-fb40-11e8-a479-7a0060f0aa01" AD_Process_ID="" RequiresSync="false" NameOldValue=""/>
    <GenericPO_AD_Reference AD_ReferenceUUID="a47e921a-fb40-11e8-a479-7a0060f0aa01" TableNameTag="AD_Reference" TableIdTag="102" Last_Updated="1566598717000" ValidationType="D" IsActive="true" Help="" IsOrderByValue="false" VFormat="" Name="Date+Time" Description="Date with time" AD_Reference_ID="16" EntityType="D" UUID="a47e921a-fb40-11e8-a479-7a0060f0aa01"/>
    <GenericPO_AD_Element AD_ElementUUID="8cc512e8-fb40-11e8-a479-7a0060f0aa01" TableNameTag="AD_Element" TableIdTag="276" Last_Updated="1566598717000" PO_Help="" ColumnName="Created" AD_Element_ID="245" Name="Created" Description="Date this record was created" PO_Description="" IsActive="true" PO_Name="" Help="The Created field indicates the date that this record was created." PrintName="Created" PO_PrintName="" FieldLength="7" AD_Reference_ID="16" AD_Reference_IDUUID="a47e921a-fb40-11e8-a479-7a0060f0aa01" EntityType="D" AD_Reference_Value_ID="" UUID="8cc512e8-fb40-11e8-a479-7a0060f0aa01"/>
    <GenericPO_AD_Column AD_ColumnUUID="8b55d140-fb40-11e8-a479-7a0060f0aa01" TableNameTag="AD_Column" TableIdTag="101" Last_Updated="946792800000" ValueMin="" IsActive="true" IsSyncDatabase="N" IsKey="false" AD_Chart_ID="" AD_Column_ID="6192" Description="Date this record was created" AD_Image_ID="" ValueMax="" Name="Created" IsMandatory="true" IsTranslated="false" DefaultValue="" VFormat="" IsParent="false" IsIdentifier="false" IsSelectionColumn="false" ReadOnlyLogic="" FormatPattern="" MandatoryLogic="" Version="1" ColumnSQL="" ColumnName="Created" Help="The Created field indicates the date that this record was created." IsUpdateable="false" Callout="" IsAlwaysUpdateable="false" IsEncrypted="N" InfoFactoryClass="" IsAllowLogging="true" IsAutocomplete="false" IsRange="false" IsAllowCopy="false" SeqNo="0" EntityType="D" AD_Table_ID="455" AD_Table_IDUUID="a4a7cc2a-fb40-11e8-a479-7a0060f0aa01" AD_Element_ID="245" AD_Element_IDUUID="8cc512e8-fb40-11e8-a479-7a0060f0aa01" AD_Reference_Value_ID="" AD_Val_Rule_ID="" FieldLength="7" AD_Reference_ID="16" AD_Reference_IDUUID="a47e921a-fb40-11e8-a479-7a0060f0aa01" UUID="8b55d140-fb40-11e8-a479-7a0060f0aa01" AD_Process_ID="" RequiresSync="false" NameOldValue=""/>
    <GenericPO_AD_Reference AD_ReferenceUUID="a47e93aa-fb40-11e8-a479-7a0060f0aa01" TableNameTag="AD_Reference" TableIdTag="102" Last_Updated="1566598718000" ValidationType="T" IsActive="true" Help="" IsOrderByValue="false" VFormat="" Name="AD_User" Description="User selection" AD_Reference_ID="110" EntityType="D" UUID="a47e93aa-fb40-11e8-a479-7a0060f0aa01"/>
    <GenericPO_AD_Window AD_WindowUUID="a5216710-fb40-11e8-a479-7a0060f0aa01" TableNameTag="AD_Window" TableIdTag="105" Last_Updated="1132681022000" AD_ContextInfo_ID="" IsDefault="false" AD_Window_ID="108" Processing="false" Name="User" Help="The User Window allows you to maintain User of the system.  Users can log into the system and have access to functionality via one or more roles.  A user can also be a business partner contact." Description="Maintain Users of the system" IsBetaFunctionality="false" WindowType="M" IsSOTrx="true" EntityType="D" AD_Color_ID="" WinWidth="" AD_Image_ID="" WinHeight="" IsActive="true" UUID="a5216710-fb40-11e8-a479-7a0060f0aa01"/>
    <GenericPO_AD_Table AD_TableUUID="a4a946cc-fb40-11e8-a479-7a0060f0aa01" TableNameTag="AD_Table" TableIdTag="100" Last_Updated="1206327134000" IsActive="true" CopyColumnsFromTable="" AD_ContextInfo_ID="" Name="User/Contact" IsHighVolume="true" Description="User within the system - Internal or Business Partner Contact" AccessLevel="7" Help="" TableName="AD_User" ReplicationType="L" IsChangeLog="false" ACTriggerLength="0" IsIgnoreMigration="false" IsDocument="false" ImportTable="" IsSecurityEnabled="false" IsDeleteable="true" IsView="false" IsCentrallyMaintained="true" AD_Table_ID="114" EntityType="D" AD_Val_Rule_ID="" AD_Window_ID="108" AD_Window_IDUUID="a5216710-fb40-11e8-a479-7a0060f0aa01" LoadSeq="80" PO_Window_ID="" UUID="a4a946cc-fb40-11e8-a479-7a0060f0aa01" RequiresSync="false" NameOldValue=""/>
    <GenericPO_AD_Column AD_ColumnUUID="8ba24c1e-fb40-11e8-a479-7a0060f0aa01" TableNameTag="AD_Column" TableIdTag="101" Last_Updated="1579285288000" ValueMin="" IsActive="true" IsSyncDatabase="Y" IsKey="false" AD_Chart_ID="" AD_Column_ID="213" Description="Alphanumeric identifier of the entity" AD_Image_ID="" ValueMax="" Name="Name" IsMandatory="true" IsTranslated="false" DefaultValue="" VFormat="" IsParent="false" IsIdentifier="true" IsSelectionColumn="true" ReadOnlyLogic="" FormatPattern="" MandatoryLogic="" Version="1" ColumnSQL="" ColumnName="Name" Help="The name of an entity (record) is used as an default search option in addition to the search key. The name is up to 60 characters in length." IsUpdateable="true" Callout="" IsAlwaysUpdateable="false" IsEncrypted="N" InfoFactoryClass="" IsAllowLogging="true" IsAutocomplete="false" IsRange="false" IsAllowCopy="true" SeqNo="20" EntityType="D" AD_Table_ID="114" AD_Table_IDUUID="a4a946cc-fb40-11e8-a479-7a0060f0aa01" AD_Element_ID="469" AD_Element_IDUUID="8cc51572-fb40-11e8-a479-7a0060f0aa01" AD_Reference_Value_ID="" AD_Val_Rule_ID="" FieldLength="60" AD_Reference_ID="10" AD_Reference_IDUUID="a47e9486-fb40-11e8-a479-7a0060f0aa01" UUID="8ba24c1e-fb40-11e8-a479-7a0060f0aa01" AD_Process_ID="" RequiresSync="false" NameOldValue=""/>
    <GenericPO_AD_Element AD_ElementUUID="8cd9c30a-fb40-11e8-a479-7a0060f0aa01" TableNameTag="AD_Element" TableIdTag="276" Last_Updated="1557225062000" PO_Help="" ColumnName="AD_User_ID" AD_Element_ID="138" Name="User/Contact" Description="User within the system - Internal or Business Partner Contact" PO_Description="" IsActive="true" PO_Name="" Help="The User identifies a unique user in the system. This could be an internal user or a business partner contact" PrintName="User" PO_PrintName="" FieldLength="22" AD_Reference_ID="13" AD_Reference_IDUUID="a47ec136-fb40-11e8-a479-7a0060f0aa01" EntityType="D" AD_Reference_Value_ID="" UUID="8cd9c30a-fb40-11e8-a479-7a0060f0aa01"/>
    <GenericPO_AD_Column AD_ColumnUUID="8be0e7da-fb40-11e8-a479-7a0060f0aa01" TableNameTag="AD_Column" TableIdTag="101" Last_Updated="1424928894295" ValueMin="" IsActive="true" IsSyncDatabase="Y" IsKey="true" AD_Chart_ID="" AD_Column_ID="212" Description="User within the system - Internal or Business Partner Contact" AD_Image_ID="" ValueMax="" Name="User/Contact" IsMandatory="true" IsTranslated="false" DefaultValue="" VFormat="" IsParent="false" IsIdentifier="false" IsSelectionColumn="false" ReadOnlyLogic="" FormatPattern="" MandatoryLogic="" Version="1" ColumnSQL="" ColumnName="AD_User_ID" Help="The User identifies a unique user in the system. This could be an internal user or a business partner contact" IsUpdateable="false" Callout="" IsAlwaysUpdateable="false" IsEncrypted="N" InfoFactoryClass="" IsAllowLogging="false" IsAutocomplete="false" IsRange="false" IsAllowCopy="false" SeqNo="" EntityType="D" AD_Table_ID="114" AD_Table_IDUUID="a4a946cc-fb40-11e8-a479-7a0060f0aa01" AD_Element_ID="138" AD_Element_IDUUID="8cd9c30a-fb40-11e8-a479-7a0060f0aa01" AD_Reference_Value_ID="" AD_Val_Rule_ID="" FieldLength="10" AD_Reference_ID="13" AD_Reference_IDUUID="a47ec136-fb40-11e8-a479-7a0060f0aa01" UUID="8be0e7da-fb40-11e8-a479-7a0060f0aa01" AD_Process_ID="" RequiresSync="false" NameOldValue=""/>
    <GenericPO_AD_Ref_Table AD_Ref_TableUUID="5fba11a6-8716-11e9-9e71-2f0c8b866ff1" TableNameTag="AD_Ref_Table" TableIdTag="103" Last_Updated="1566598718000" IsActive="true" IsValueDisplayed="false" OrderByClause="AD_User.Name" WhereClause="" IsAlert="false" DisplaySQL="" IsDisplayIdentifier="false" AD_Display="213" AD_DisplayUUID="8ba24c1e-fb40-11e8-a479-7a0060f0aa01" EntityType="D" AD_Table_ID="114" AD_Table_IDUUID="a4a946cc-fb40-11e8-a479-7a0060f0aa01" AD_Window_ID="" AD_Key="212" AD_KeyUUID="8be0e7da-fb40-11e8-a479-7a0060f0aa01" AD_Reference_ID="110" AD_Reference_IDUUID="a47e93aa-fb40-11e8-a479-7a0060f0aa01" UUID="5fba11a6-8716-11e9-9e71-2f0c8b866ff1"/>
    <GenericPO_AD_Element AD_ElementUUID="8cc513ba-fb40-11e8-a479-7a0060f0aa01" TableNameTag="AD_Element" TableIdTag="276" Last_Updated="1566598718000" PO_Help="" ColumnName="CreatedBy" AD_Element_ID="246" Name="Created By" Description="User who created this records" PO_Description="" IsActive="true" PO_Name="" Help="The Created By field indicates the user who created this record." PrintName="Created By" PO_PrintName="" FieldLength="22" AD_Reference_ID="18" AD_Reference_IDUUID="a47e9292-fb40-11e8-a479-7a0060f0aa01" EntityType="D" AD_Reference_Value_ID="110" AD_Reference_Value_IDUUID="a47e93aa-fb40-11e8-a479-7a0060f0aa01" UUID="8cc513ba-fb40-11e8-a479-7a0060f0aa01"/>
    <GenericPO_AD_Column AD_ColumnUUID="8c07c102-fb40-11e8-a479-7a0060f0aa01" TableNameTag="AD_Column" TableIdTag="101" Last_Updated="946792800000" ValueMin="" IsActive="true" IsSyncDatabase="N" IsKey="false" AD_Chart_ID="" AD_Column_ID="6193" Description="User who created this records" AD_Image_ID="" ValueMax="" Name="Created By" IsMandatory="true" IsTranslated="false" DefaultValue="" VFormat="" IsParent="false" IsIdentifier="false" IsSelectionColumn="false" ReadOnlyLogic="" FormatPattern="" MandatoryLogic="" Version="1" ColumnSQL="" ColumnName="CreatedBy" Help="The Created By field indicates the user who created this record." IsUpdateable="false" Callout="" IsAlwaysUpdateable="false" IsEncrypted="N" InfoFactoryClass="" IsAllowLogging="true" IsAutocomplete="false" IsRange="false" IsAllowCopy="true" SeqNo="0" EntityType="D" AD_Table_ID="455" AD_Table_IDUUID="a4a7cc2a-fb40-11e8-a479-7a0060f0aa01" AD_Element_ID="246" AD_Element_IDUUID="8cc513ba-fb40-11e8-a479-7a0060f0aa01" AD_Reference_Value_ID="110" AD_Reference_Value_IDUUID="a47e93aa-fb40-11e8-a479-7a0060f0aa01" AD_Val_Rule_ID="" FieldLength="10" AD_Reference_ID="18" AD_Reference_IDUUID="a47e9292-fb40-11e8-a479-7a0060f0aa01" UUID="8c07c102-fb40-11e8-a479-7a0060f0aa01" AD_Process_ID="" RequiresSync="false" NameOldValue=""/>
    <GenericPO_AD_Reference AD_ReferenceUUID="a47d80aa-fb40-11e8-a479-7a0060f0aa01" TableNameTag="AD_Reference" TableIdTag="102" Last_Updated="1557225121000" ValidationType="D" IsActive="true" Help="" IsOrderByValue="false" VFormat="" Name="Integer" Description="10 Digit numeric" AD_Reference_ID="11" EntityType="D" UUID="a47d80aa-fb40-11e8-a479-7a0060f0aa01"/>
    <GenericPO_AD_Element AD_ElementUUID="8cca2a4e-fb40-11e8-a479-7a0060f0aa01" TableNameTag="AD_Element" TableIdTag="276" Last_Updated="946792800000" PO_Help="" ColumnName="CurrentNext" AD_Element_ID="257" Name="Current Next" Description="The next number to be used" PO_Description="" IsActive="true" PO_Name="" Help="The Current Next indicates the next number to use for this document" PrintName="Current Next" PO_PrintName="" FieldLength="22" AD_Reference_ID="11" AD_Reference_IDUUID="a47d80aa-fb40-11e8-a479-7a0060f0aa01" EntityType="D" AD_Reference_Value_ID="" UUID="8cca2a4e-fb40-11e8-a479-7a0060f0aa01"/>
    <GenericPO_AD_Column AD_ColumnUUID="8c0fe882-fb40-11e8-a479-7a0060f0aa01" TableNameTag="AD_Column" TableIdTag="101" Last_Updated="1604430335000" ValueMin="0" IsActive="true" IsSyncDatabase="N" IsKey="false" AD_Chart_ID="" AD_Column_ID="6199" Description="The next number to be used" AD_Image_ID="" ValueMax="" Name="Current Next" IsMandatory="true" IsTranslated="false" DefaultValue="" VFormat="" IsParent="false" IsIdentifier="true" IsSelectionColumn="false" ReadOnlyLogic="" FormatPattern="" MandatoryLogic="" Version="1" ColumnSQL="" ColumnName="CurrentNext" Help="The Current Next indicates the next number to use for this document" IsUpdateable="true" Callout="" IsAlwaysUpdateable="false" IsEncrypted="N" InfoFactoryClass="" IsAllowLogging="true" IsAutocomplete="false" IsRange="false" IsAllowCopy="true" SeqNo="3" EntityType="D" AD_Table_ID="455" AD_Table_IDUUID="a4a7cc2a-fb40-11e8-a479-7a0060f0aa01" AD_Element_ID="257" AD_Element_IDUUID="8cca2a4e-fb40-11e8-a479-7a0060f0aa01" AD_Reference_Value_ID="" AD_Val_Rule_ID="" FieldLength="10" AD_Reference_ID="11" AD_Reference_IDUUID="a47d80aa-fb40-11e8-a479-7a0060f0aa01" UUID="8c0fe882-fb40-11e8-a479-7a0060f0aa01" AD_Process_ID="" RequiresSync="false" NameOldValue=""/>
    <GenericPO_AD_Reference AD_ReferenceUUID="a47e6150-fb40-11e8-a479-7a0060f0aa01" TableNameTag="AD_Reference" TableIdTag="102" Last_Updated="1557225632000" ValidationType="D" IsActive="true" Help="" IsOrderByValue="false" VFormat="" Name="Text" Description="Character String up to 2000 characters" AD_Reference_ID="14" EntityType="D" UUID="a47e6150-fb40-11e8-a479-7a0060f0aa01"/>
    <GenericPO_AD_Element AD_ElementUUID="8cdb6796-fb40-11e8-a479-7a0060f0aa01" TableNameTag="AD_Element" TableIdTag="276" Last_Updated="1566598720000" PO_Help="" ColumnName="Description" AD_Element_ID="275" Name="Description" Description="Optional short description of the record" PO_Description="" IsActive="true" PO_Name="" Help="A description is limited to 255 characters." PrintName="Description" PO_PrintName="" FieldLength="255" AD_Reference_ID="14" AD_Reference_IDUUID="a47e6150-fb40-11e8-a479-7a0060f0aa01" EntityType="D" AD_Reference_Value_ID="" UUID="8cdb6796-fb40-11e8-a479-7a0060f0aa01"/>
    <GenericPO_AD_Column AD_ColumnUUID="8b4d4b56-fb40-11e8-a479-7a0060f0aa01" TableNameTag="AD_Column" TableIdTag="101" Last_Updated="946792800000" ValueMin="" IsActive="true" IsSyncDatabase="N" IsKey="false" AD_Chart_ID="" AD_Column_ID="6198" Description="Optional short description of the record" AD_Image_ID="" ValueMax="" Name="Description" IsMandatory="false" IsTranslated="false" DefaultValue="" VFormat="" IsParent="false" IsIdentifier="false" IsSelectionColumn="true" ReadOnlyLogic="" FormatPattern="" MandatoryLogic="" Version="1" ColumnSQL="" ColumnName="Description" Help="A description is limited to 255 characters." IsUpdateable="true" Callout="" IsAlwaysUpdateable="false" IsEncrypted="N" InfoFactoryClass="" IsAllowLogging="true" IsAutocomplete="false" IsRange="false" IsAllowCopy="true" SeqNo="0" EntityType="D" AD_Table_ID="455" AD_Table_IDUUID="a4a7cc2a-fb40-11e8-a479-7a0060f0aa01" AD_Element_ID="275" AD_Element_IDUUID="8cdb6796-fb40-11e8-a479-7a0060f0aa01" AD_Reference_Value_ID="" AD_Val_Rule_ID="" FieldLength="255" AD_Reference_ID="10" AD_Reference_IDUUID="a47e9486-fb40-11e8-a479-7a0060f0aa01" UUID="8b4d4b56-fb40-11e8-a479-7a0060f0aa01" AD_Process_ID="" RequiresSync="false" NameOldValue=""/>
    <GenericPO_AD_Reference AD_ReferenceUUID="a47d88fc-fb40-11e8-a479-7a0060f0aa01" TableNameTag="AD_Reference" TableIdTag="102" Last_Updated="1566598719000" ValidationType="D" IsActive="true" Help="" IsOrderByValue="false" VFormat="" Name="Yes-No" Description="CheckBox" AD_Reference_ID="20" EntityType="D" UUID="a47d88fc-fb40-11e8-a479-7a0060f0aa01"/>
    <GenericPO_AD_Element AD_ElementUUID="8cdb6674-fb40-11e8-a479-7a0060f0aa01" TableNameTag="AD_Element" TableIdTag="276" Last_Updated="1566598719000" PO_Help="" ColumnName="IsActive" AD_Element_ID="348" Name="Active" Description="The record is active in the system" PO_Description="" IsActive="true" PO_Name="" Help="There are two methods of making records unavailable in the system: One is to delete the record, the other is to de-activate the record. A de-activated record is not available for selection, but available for reports.&#10;There are two reasons for de-activating and not deleting records:&#10;(1) The system requires the record for audit purposes.&#10;(2) The record is referenced by other records. E.g., you cannot delete a Business Partner, if there are invoices for this partner record existing. You de-activate the Business Partner and prevent that this record is used for future entries." PrintName="Active" PO_PrintName="" FieldLength="1" AD_Reference_ID="20" AD_Reference_IDUUID="a47d88fc-fb40-11e8-a479-7a0060f0aa01" EntityType="D" AD_Reference_Value_ID="" UUID="8cdb6674-fb40-11e8-a479-7a0060f0aa01"/>
    <GenericPO_AD_Column AD_ColumnUUID="8b52e93a-fb40-11e8-a479-7a0060f0aa01" TableNameTag="AD_Column" TableIdTag="101" Last_Updated="946792800000" ValueMin="" IsActive="true" IsSyncDatabase="N" IsKey="false" AD_Chart_ID="" AD_Column_ID="6191" Description="The record is active in the system" AD_Image_ID="" ValueMax="" Name="Active" IsMandatory="true" IsTranslated="false" DefaultValue="Y" VFormat="" IsParent="false" IsIdentifier="false" IsSelectionColumn="false" ReadOnlyLogic="" FormatPattern="" MandatoryLogic="" Version="1" ColumnSQL="" ColumnName="IsActive" Help="There are two methods of making records unavailable in the system: One is to delete the record, the other is to de-activate the record. A de-activated record is not available for selection, but available for reports.&#10;There are two reasons for de-activating and not deleting records:&#10;(1) The system requires the record for audit purposes.&#10;(2) The record is referenced by other records. E.g., you cannot delete a Business Partner, if there are invoices for this partner record existing. You de-activate the Business Partner and prevent that this record is used for future entries." IsUpdateable="true" Callout="" IsAlwaysUpdateable="false" IsEncrypted="N" InfoFactoryClass="" IsAllowLogging="true" IsAutocomplete="false" IsRange="false" IsAllowCopy="false" SeqNo="0" EntityType="D" AD_Table_ID="455" AD_Table_IDUUID="a4a7cc2a-fb40-11e8-a479-7a0060f0aa01" AD_Element_ID="348" AD_Element_IDUUID="8cdb6674-fb40-11e8-a479-7a0060f0aa01" AD_Reference_Value_ID="" AD_Val_Rule_ID="" FieldLength="1" AD_Reference_ID="20" AD_Reference_IDUUID="a47d88fc-fb40-11e8-a479-7a0060f0aa01" UUID="8b52e93a-fb40-11e8-a479-7a0060f0aa01" AD_Process_ID="" RequiresSync="false" NameOldValue=""/>
    <GenericPO_AD_Column AD_ColumnUUID="8bbdb242-fb40-11e8-a479-7a0060f0aa01" TableNameTag="AD_Column" TableIdTag="101" Last_Updated="946792800000" ValueMin="" IsActive="true" IsSyncDatabase="N" IsKey="false" AD_Chart_ID="" AD_Column_ID="6197" Description="Alphanumeric identifier of the entity" AD_Image_ID="" ValueMax="" Name="Name" IsMandatory="true" IsTranslated="false" DefaultValue="" VFormat="" IsParent="false" IsIdentifier="true" IsSelectionColumn="true" ReadOnlyLogic="" FormatPattern="" MandatoryLogic="" Version="1" ColumnSQL="" ColumnName="Name" Help="The name of an entity (record) is used as an default search option in addition to the search key. The name is up to 60 characters in length." IsUpdateable="true" Callout="" IsAlwaysUpdateable="false" IsEncrypted="N" InfoFactoryClass="" IsAllowLogging="true" IsAutocomplete="false" IsRange="false" IsAllowCopy="true" SeqNo="1" EntityType="D" AD_Table_ID="455" AD_Table_IDUUID="a4a7cc2a-fb40-11e8-a479-7a0060f0aa01" AD_Element_ID="469" AD_Element_IDUUID="8cc51572-fb40-11e8-a479-7a0060f0aa01" AD_Reference_Value_ID="" AD_Val_Rule_ID="" FieldLength="60" AD_Reference_ID="10" AD_Reference_IDUUID="a47e9486-fb40-11e8-a479-7a0060f0aa01" UUID="8bbdb242-fb40-11e8-a479-7a0060f0aa01" AD_Process_ID="" RequiresSync="false" NameOldValue=""/>
    <GenericPO_AD_Reference AD_ReferenceUUID="a47e0606-fb40-11e8-a479-7a0060f0aa01" TableNameTag="AD_Reference" TableIdTag="102" Last_Updated="1259797573000" ValidationType="L" IsActive="true" Help="" IsOrderByValue="false" VFormat="" Name="_Payment Rule" Description="In &amp; Out Payment Options" AD_Reference_ID="195" EntityType="D" UUID="a47e0606-fb40-11e8-a479-7a0060f0aa01"/>
    <GenericPO_AD_Ref_List AD_Ref_ListUUID="a456980a-fb40-11e8-a479-7a0060f0aa01" TableNameTag="AD_Ref_List" TableIdTag="104" Last_Updated="1259797573000" IsActive="true" AD_Reference_ID="195" AD_Reference_IDUUID="a47e0606-fb40-11e8-a479-7a0060f0aa01" Value="K" Description="" ValidFrom="" Name="Credit Card" ValidTo="" EntityType="D" AD_Ref_List_ID="333" UUID="a456980a-fb40-11e8-a479-7a0060f0aa01"/>
    <GenericPO_AD_Ref_List AD_Ref_ListUUID="a4569878-fb40-11e8-a479-7a0060f0aa01" TableNameTag="AD_Ref_List" TableIdTag="104" Last_Updated="1259797574000" IsActive="true" AD_Reference_ID="195" AD_Reference_IDUUID="a47e0606-fb40-11e8-a479-7a0060f0aa01" Value="P" Description="" ValidFrom="" Name="On Credit" ValidTo="" EntityType="D" AD_Ref_List_ID="337" UUID="a4569878-fb40-11e8-a479-7a0060f0aa01"/>
    <GenericPO_AD_Ref_List AD_Ref_ListUUID="a45698dc-fb40-11e8-a479-7a0060f0aa01" TableNameTag="AD_Ref_List" TableIdTag="104" Last_Updated="1259797574000" IsActive="true" AD_Reference_ID="195" AD_Reference_IDUUID="a47e0606-fb40-11e8-a479-7a0060f0aa01" Value="S" Description="" ValidFrom="" Name="Check" ValidTo="" EntityType="D" AD_Ref_List_ID="335" UUID="a45698dc-fb40-11e8-a479-7a0060f0aa01"/>
    <GenericPO_AD_Ref_List AD_Ref_ListUUID="a4569940-fb40-11e8-a479-7a0060f0aa01" TableNameTag="AD_Ref_List" TableIdTag="104" Last_Updated="1259797574000" IsActive="true" AD_Reference_ID="195" AD_Reference_IDUUID="a47e0606-fb40-11e8-a479-7a0060f0aa01" Value="T" Description="" ValidFrom="" Name="Direct Deposit" ValidTo="" EntityType="D" AD_Ref_List_ID="334" UUID="a4569940-fb40-11e8-a479-7a0060f0aa01"/>
    <GenericPO_AD_Ref_List AD_Ref_ListUUID="a4597c5a-fb40-11e8-a479-7a0060f0aa01" TableNameTag="AD_Ref_List" TableIdTag="104" Last_Updated="1259797573000" IsActive="true" AD_Reference_ID="195" AD_Reference_IDUUID="a47e0606-fb40-11e8-a479-7a0060f0aa01" Value="B" Description="" ValidFrom="" Name="Cash" ValidTo="" EntityType="D" AD_Ref_List_ID="332" UUID="a4597c5a-fb40-11e8-a479-7a0060f0aa01"/>
    <GenericPO_AD_Ref_List AD_Ref_ListUUID="a4597cc8-fb40-11e8-a479-7a0060f0aa01" TableNameTag="AD_Ref_List" TableIdTag="104" Last_Updated="1259797573000" IsActive="true" AD_Reference_ID="195" AD_Reference_IDUUID="a47e0606-fb40-11e8-a479-7a0060f0aa01" Value="D" Description="" ValidFrom="" Name="Direct Debit" ValidTo="" EntityType="D" AD_Ref_List_ID="652" UUID="a4597cc8-fb40-11e8-a479-7a0060f0aa01"/>
    <GenericPO_AD_Ref_List AD_Ref_ListUUID="a4597d2c-fb40-11e8-a479-7a0060f0aa01" TableNameTag="AD_Ref_List" TableIdTag="104" Last_Updated="1259797573000" IsActive="true" AD_Reference_ID="195" AD_Reference_IDUUID="a47e0606-fb40-11e8-a479-7a0060f0aa01" Value="M" Description="" ValidFrom="" Name="Mixed" ValidTo="" EntityType="D" AD_Ref_List_ID="52000" UUID="a4597d2c-fb40-11e8-a479-7a0060f0aa01"/>
    <GenericPO_AD_Reference AD_ReferenceUUID="a47d899c-fb40-11e8-a479-7a0060f0aa01" TableNameTag="AD_Reference" TableIdTag="102" Last_Updated="1566598721000" ValidationType="D" IsActive="true" Help="" IsOrderByValue="false" VFormat="" Name="List" Description="Reference List" AD_Reference_ID="17" EntityType="D" UUID="a47d899c-fb40-11e8-a479-7a0060f0aa01"/>
    <GenericPO_AD_Element AD_ElementUUID="8cc54c36-fb40-11e8-a479-7a0060f0aa01" TableNameTag="AD_Element" TableIdTag="276" Last_Updated="1259797616000" PO_Help="" ColumnName="PaymentRule" AD_Element_ID="1143" Name="Payment Rule" Description="How you pay the invoice" PO_Description="" IsActive="true" PO_Name="" Help="The Payment Rule indicates the method of invoice payment." PrintName="Payment Rule" PO_PrintName="" FieldLength="1" AD_Reference_ID="17" AD_Reference_IDUUID="a47d899c-fb40-11e8-a479-7a0060f0aa01" EntityType="D" AD_Reference_Value_ID="195" AD_Reference_Value_IDUUID="a47e0606-fb40-11e8-a479-7a0060f0aa01" UUID="8cc54c36-fb40-11e8-a479-7a0060f0aa01"/>
    <GenericPO_AD_Val_Rule AD_Val_RuleUUID="a4caa1b4-fb40-11e8-a479-7a0060f0aa01" TableNameTag="AD_Val_Rule" TableIdTag="108" Last_Updated="1259797643000" Type="S" IsActive="true" Code="AD_Ref_List.Value &lt;&gt; 'M'" Name="All_Payment Rule - No mixed" Description="" AD_Val_Rule_ID="52033" EntityType="D" UUID="a4caa1b4-fb40-11e8-a479-7a0060f0aa01"/>
    <GenericPO_AD_Column AD_ColumnUUID="8ba7cd2e-fb40-11e8-a479-7a0060f0aa01" TableNameTag="AD_Column" TableIdTag="101" Last_Updated="946792800000" ValueMin="" IsActive="true" IsSyncDatabase="N" IsKey="false" AD_Chart_ID="" AD_Column_ID="6215" Description="How you pay the invoice" AD_Image_ID="" ValueMax="" Name="Payment Rule" IsMandatory="true" IsTranslated="false" DefaultValue="" VFormat="" IsParent="false" IsIdentifier="false" IsSelectionColumn="false" ReadOnlyLogic="" FormatPattern="" MandatoryLogic="" Version="1" ColumnSQL="" ColumnName="PaymentRule" Help="The Payment Rule indicates the method of invoice payment." IsUpdateable="true" Callout="" IsAlwaysUpdateable="false" IsEncrypted="N" InfoFactoryClass="" IsAllowLogging="true" IsAutocomplete="false" IsRange="false" IsAllowCopy="true" SeqNo="0" EntityType="D" AD_Table_ID="455" AD_Table_IDUUID="a4a7cc2a-fb40-11e8-a479-7a0060f0aa01" AD_Element_ID="1143" AD_Element_IDUUID="8cc54c36-fb40-11e8-a479-7a0060f0aa01" AD_Reference_Value_ID="195" AD_Reference_Value_IDUUID="a47e0606-fb40-11e8-a479-7a0060f0aa01" AD_Val_Rule_ID="52033" AD_Val_Rule_IDUUID="a4caa1b4-fb40-11e8-a479-7a0060f0aa01" FieldLength="1" AD_Reference_ID="17" AD_Reference_IDUUID="a47d899c-fb40-11e8-a479-7a0060f0aa01" UUID="8ba7cd2e-fb40-11e8-a479-7a0060f0aa01" AD_Process_ID="" RequiresSync="false" NameOldValue=""/>
    <GenericPO_AD_Element AD_ElementUUID="756af390-a08c-4ef2-805f-ea16987b815b" TableNameTag="AD_Element" TableIdTag="276" Last_Updated="1588256807000" PO_Help="" ColumnName="SeqNoFrom" Name="SeqNoFrom" Description="" PO_Description="" IsActive="true" PO_Name="" Help="" PrintName="SeqNoFrom" PO_PrintName="" FieldLength="0" AD_Reference_ID="11" AD_Reference_IDUUID="a47d80aa-fb40-11e8-a479-7a0060f0aa01" EntityType="U" AD_Reference_Value_ID="" UUID="756af390-a08c-4ef2-805f-ea16987b815b"/>
    <GenericPO_AD_Column AD_ColumnUUID="5008e3c1-65aa-417e-84ca-5aeea89b3391" TableNameTag="AD_Column" TableIdTag="101" Last_Updated="1588256870000" ValueMin="" IsActive="true" IsSyncDatabase="N" IsKey="false" AD_Chart_ID="" Description="" AD_Image_ID="" ValueMax="" Name="SeqNoFrom" IsMandatory="true" IsTranslated="false" DefaultValue="0" VFormat="" IsParent="false" IsIdentifier="false" IsSelectionColumn="false" ReadOnlyLogic="" FormatPattern="" MandatoryLogic="" Version="0" ColumnSQL="" ColumnName="SeqNoFrom" Help="" IsUpdateable="true" Callout="" IsAlwaysUpdateable="false" IsEncrypted="N" InfoFactoryClass="" IsAllowLogging="true" IsAutocomplete="false" IsRange="false" IsAllowCopy="true" SeqNo="0" EntityType="U" AD_Table_ID="455" AD_Table_IDUUID="a4a7cc2a-fb40-11e8-a479-7a0060f0aa01" AD_Element_ID="1000199" AD_Element_IDUUID="756af390-a08c-4ef2-805f-ea16987b815b" AD_Reference_Value_ID="" AD_Val_Rule_ID="" FieldLength="10" AD_Reference_ID="11" AD_Reference_IDUUID="a47d80aa-fb40-11e8-a479-7a0060f0aa01" UUID="5008e3c1-65aa-417e-84ca-5aeea89b3391" AD_Process_ID="" RequiresSync="false" NameOldValue=""/>
    <GenericPO_AD_Element AD_ElementUUID="c8ab6979-92b5-4e5b-96c1-f11c3e653784" TableNameTag="AD_Element" TableIdTag="276" Last_Updated="1588256825000" PO_Help="" ColumnName="SeqNoTo" Name="SeqNoTo" Description="" PO_Description="" IsActive="true" PO_Name="" Help="" PrintName="SeqNoTo" PO_PrintName="" FieldLength="0" AD_Reference_ID="11" AD_Reference_IDUUID="a47d80aa-fb40-11e8-a479-7a0060f0aa01" EntityType="U" AD_Reference_Value_ID="" UUID="c8ab6979-92b5-4e5b-96c1-f11c3e653784"/>
    <GenericPO_AD_Column AD_ColumnUUID="5f591482-9301-4e8c-b828-5b03e5e00e31" TableNameTag="AD_Column" TableIdTag="101" Last_Updated="1588256890000" ValueMin="" IsActive="true" IsSyncDatabase="N" IsKey="false" AD_Chart_ID="" Description="" AD_Image_ID="" ValueMax="" Name="SeqNoTo" IsMandatory="true" IsTranslated="false" DefaultValue="0" VFormat="" IsParent="false" IsIdentifier="false" IsSelectionColumn="false" ReadOnlyLogic="" FormatPattern="" MandatoryLogic="" Version="0" ColumnSQL="" ColumnName="SeqNoTo" Help="" IsUpdateable="true" Callout="" IsAlwaysUpdateable="false" IsEncrypted="N" InfoFactoryClass="" IsAllowLogging="true" IsAutocomplete="false" IsRange="false" IsAllowCopy="true" SeqNo="0" EntityType="U" AD_Table_ID="455" AD_Table_IDUUID="a4a7cc2a-fb40-11e8-a479-7a0060f0aa01" AD_Element_ID="1000200" AD_Element_IDUUID="c8ab6979-92b5-4e5b-96c1-f11c3e653784" AD_Reference_Value_ID="" AD_Val_Rule_ID="" FieldLength="10" AD_Reference_ID="11" AD_Reference_IDUUID="a47d80aa-fb40-11e8-a479-7a0060f0aa01" UUID="5f591482-9301-4e8c-b828-5b03e5e00e31" AD_Process_ID="" RequiresSync="false" NameOldValue=""/>
    <GenericPO_AD_Element AD_ElementUUID="8cc71958-fb40-11e8-a479-7a0060f0aa01" TableNameTag="AD_Element" TableIdTag="276" Last_Updated="1276809146000" PO_Help="" ColumnName="SerNo" AD_Element_ID="568" Name="Serial No" Description="Product Serial Number " PO_Description="" IsActive="true" PO_Name="" Help="The Serial Number identifies a tracked, warranted product.  It can only be used when the quantity is 1." PrintName="Serial No" PO_PrintName="" FieldLength="40" AD_Reference_ID="10" AD_Reference_IDUUID="a47e9486-fb40-11e8-a479-7a0060f0aa01" EntityType="D" AD_Reference_Value_ID="" UUID="8cc71958-fb40-11e8-a479-7a0060f0aa01"/>
    <GenericPO_AD_Column AD_ColumnUUID="02b106eb-deea-4a8d-87d2-1cbc217ee8ba" TableNameTag="AD_Column" TableIdTag="101" Last_Updated="1604430328000" ValueMin="" IsActive="true" IsSyncDatabase="N" IsKey="false" AD_Chart_ID="" AD_Column_ID="97187" Description="Product Serial Number " AD_Image_ID="" ValueMax="" Name="Serial No" IsMandatory="false" IsTranslated="false" DefaultValue="" VFormat="" IsParent="false" IsIdentifier="true" IsSelectionColumn="false" ReadOnlyLogic="" FormatPattern="" MandatoryLogic="" Version="0" ColumnSQL="" ColumnName="SerNo" Help="The Serial Number identifies a tracked, warranted product.  It can only be used when the quantity is 1." IsUpdateable="true" Callout="" IsAlwaysUpdateable="false" IsEncrypted="N" InfoFactoryClass="" IsAllowLogging="true" IsAutocomplete="false" IsRange="false" IsAllowCopy="true" SeqNo="2" EntityType="U" AD_Table_ID="455" AD_Table_IDUUID="a4a7cc2a-fb40-11e8-a479-7a0060f0aa01" AD_Element_ID="568" AD_Element_IDUUID="8cc71958-fb40-11e8-a479-7a0060f0aa01" AD_Reference_Value_ID="" AD_Val_Rule_ID="" FieldLength="200" AD_Reference_ID="10" AD_Reference_IDUUID="a47e9486-fb40-11e8-a479-7a0060f0aa01" UUID="02b106eb-deea-4a8d-87d2-1cbc217ee8ba" AD_Process_ID="" RequiresSync="false" NameOldValue=""/>
    <GenericPO_AD_Element AD_ElementUUID="8cc51496-fb40-11e8-a479-7a0060f0aa01" TableNameTag="AD_Element" TableIdTag="276" Last_Updated="1566598719000" PO_Help="" ColumnName="Updated" AD_Element_ID="607" Name="Updated" Description="Date this record was updated" PO_Description="" IsActive="true" PO_Name="" Help="The Updated field indicates the date that this record was updated." PrintName="Updated" PO_PrintName="" FieldLength="7" AD_Reference_ID="16" AD_Reference_IDUUID="a47e921a-fb40-11e8-a479-7a0060f0aa01" EntityType="D" AD_Reference_Value_ID="" UUID="8cc51496-fb40-11e8-a479-7a0060f0aa01"/>
    <GenericPO_AD_Column AD_ColumnUUID="8b57c41e-fb40-11e8-a479-7a0060f0aa01" TableNameTag="AD_Column" TableIdTag="101" Last_Updated="946792800000" ValueMin="" IsActive="true" IsSyncDatabase="N" IsKey="false" AD_Chart_ID="" AD_Column_ID="6194" Description="Date this record was updated" AD_Image_ID="" ValueMax="" Name="Updated" IsMandatory="true" IsTranslated="false" DefaultValue="" VFormat="" IsParent="false" IsIdentifier="false" IsSelectionColumn="false" ReadOnlyLogic="" FormatPattern="" MandatoryLogic="" Version="1" ColumnSQL="" ColumnName="Updated" Help="The Updated field indicates the date that this record was updated." IsUpdateable="false" Callout="" IsAlwaysUpdateable="false" IsEncrypted="N" InfoFactoryClass="" IsAllowLogging="true" IsAutocomplete="false" IsRange="false" IsAllowCopy="false" SeqNo="0" EntityType="D" AD_Table_ID="455" AD_Table_IDUUID="a4a7cc2a-fb40-11e8-a479-7a0060f0aa01" AD_Element_ID="607" AD_Element_IDUUID="8cc51496-fb40-11e8-a479-7a0060f0aa01" AD_Reference_Value_ID="" AD_Val_Rule_ID="" FieldLength="7" AD_Reference_ID="16" AD_Reference_IDUUID="a47e921a-fb40-11e8-a479-7a0060f0aa01" UUID="8b57c41e-fb40-11e8-a479-7a0060f0aa01" AD_Process_ID="" RequiresSync="false" NameOldValue=""/>
    <GenericPO_AD_Element AD_ElementUUID="8cd4820a-fb40-11e8-a479-7a0060f0aa01" TableNameTag="AD_Element" TableIdTag="276" Last_Updated="1566598719000" PO_Help="" ColumnName="UpdatedBy" AD_Element_ID="608" Name="Updated By" Description="User who updated this records" PO_Description="" IsActive="true" PO_Name="" Help="The Updated By field indicates the user who updated this record." PrintName="Updated By" PO_PrintName="" FieldLength="22" AD_Reference_ID="18" AD_Reference_IDUUID="a47e9292-fb40-11e8-a479-7a0060f0aa01" EntityType="D" AD_Reference_Value_ID="110" AD_Reference_Value_IDUUID="a47e93aa-fb40-11e8-a479-7a0060f0aa01" UUID="8cd4820a-fb40-11e8-a479-7a0060f0aa01"/>
    <GenericPO_AD_Column AD_ColumnUUID="8c078ec6-fb40-11e8-a479-7a0060f0aa01" TableNameTag="AD_Column" TableIdTag="101" Last_Updated="946792800000" ValueMin="" IsActive="true" IsSyncDatabase="N" IsKey="false" AD_Chart_ID="" AD_Column_ID="6195" Description="User who updated this records" AD_Image_ID="" ValueMax="" Name="Updated By" IsMandatory="true" IsTranslated="false" DefaultValue="" VFormat="" IsParent="false" IsIdentifier="false" IsSelectionColumn="false" ReadOnlyLogic="" FormatPattern="" MandatoryLogic="" Version="1" ColumnSQL="" ColumnName="UpdatedBy" Help="The Updated By field indicates the user who updated this record." IsUpdateable="false" Callout="" IsAlwaysUpdateable="false" IsEncrypted="N" InfoFactoryClass="" IsAllowLogging="true" IsAutocomplete="false" IsRange="false" IsAllowCopy="true" SeqNo="0" EntityType="D" AD_Table_ID="455" AD_Table_IDUUID="a4a7cc2a-fb40-11e8-a479-7a0060f0aa01" AD_Element_ID="608" AD_Element_IDUUID="8cd4820a-fb40-11e8-a479-7a0060f0aa01" AD_Reference_Value_ID="110" AD_Reference_Value_IDUUID="a47e93aa-fb40-11e8-a479-7a0060f0aa01" AD_Val_Rule_ID="" FieldLength="10" AD_Reference_ID="18" AD_Reference_IDUUID="a47e9292-fb40-11e8-a479-7a0060f0aa01" UUID="8c078ec6-fb40-11e8-a479-7a0060f0aa01" AD_Process_ID="" RequiresSync="false" NameOldValue=""/>
    <GenericPO_AD_Element AD_ElementUUID="8cdaa8e2-fb40-11e8-a479-7a0060f0aa01" TableNameTag="AD_Element" TableIdTag="276" Last_Updated="1557225640000" PO_Help="" ColumnName="UUID" AD_Element_ID="59595" Name="Immutable Universally Unique Identifier" Description="Immutable Universally Unique Identifier" PO_Description="" IsActive="true" PO_Name="" Help="&quot;A surrogate key in a database is a unique identifier for either an entity in the modeled world or an object in the database. The surrogate key is not derived from application data, unlike a natural (or business) key which is derived from application data. &quot; , According to Wikipedia http://en.wikipedia.org/wiki/Surrogate_key" PrintName="UUID" PO_PrintName="" FieldLength="" AD_Reference_ID="" EntityType="D" AD_Reference_Value_ID="" UUID="8cdaa8e2-fb40-11e8-a479-7a0060f0aa01"/>
    <GenericPO_AD_Column AD_ColumnUUID="8c2cdbc2-fb40-11e8-a479-7a0060f0aa01" TableNameTag="AD_Column" TableIdTag="101" Last_Updated="1546887415000" ValueMin="" IsActive="true" IsSyncDatabase="N" IsKey="false" AD_Chart_ID="" AD_Column_ID="84614" Description="Immutable Universally Unique Identifier" AD_Image_ID="" ValueMax="" Name="Immutable Universally Unique Identifier" IsMandatory="false" IsTranslated="false" DefaultValue="" VFormat="" IsParent="false" IsIdentifier="false" IsSelectionColumn="false" ReadOnlyLogic="" FormatPattern="" MandatoryLogic="" Version="0" ColumnSQL="" ColumnName="UUID" Help="&quot;A surrogate key in a database is a unique identifier for either an entity in the modeled world or an object in the database. The surrogate key is not derived from application data, unlike a natural (or business) key which is derived from application data. &quot; , According to Wikipedia http://en.wikipedia.org/wiki/Surrogate_key" IsUpdateable="true" Callout="" IsAlwaysUpdateable="false" IsEncrypted="N" InfoFactoryClass="" IsAllowLogging="false" IsAutocomplete="false" IsRange="false" IsAllowCopy="true" SeqNo="" EntityType="D" AD_Table_ID="455" AD_Table_IDUUID="a4a7cc2a-fb40-11e8-a479-7a0060f0aa01" AD_Element_ID="59595" AD_Element_IDUUID="8cdaa8e2-fb40-11e8-a479-7a0060f0aa01" AD_Reference_Value_ID="" AD_Val_Rule_ID="" FieldLength="36" AD_Reference_ID="10" AD_Reference_IDUUID="a47e9486-fb40-11e8-a479-7a0060f0aa01" UUID="8c2cdbc2-fb40-11e8-a479-7a0060f0aa01" AD_Process_ID="" RequiresSync="false" NameOldValue=""/>
    <GenericPO_AD_Sequence AD_SequenceUUID="a4933044-fb40-11e8-a479-7a0060f0aa01" TableNameTag="AD_Sequence" TableIdTag="115" Last_Updated="946792800000" Description="inicialvalue 5000000" IsActive="true" StartNewYear="false" VFormat="" IsAutoSequence="true" IsAudited="false" Prefix="" Suffix="" DateColumn="" DecimalPattern="" Name="C_BankAccountDoc" AD_Sequence_ID="505" IncrementNo="1" StartNo="1000000" IsTableID="true" CurrentNextSys="50000" CurrentNext="5000023" UUID="a4933044-fb40-11e8-a479-7a0060f0aa01"/>
    <GenericPO_AD_Table AD_TableUUID="0747e664-1123-4c90-9823-900e3718785a" TableNameTag="AD_Table" TableIdTag="100" Last_Updated="1604366938000" IsActive="true" CopyColumnsFromTable="N" AD_ContextInfo_ID="" Name="C_BankAccountDoc_Check ID" IsHighVolume="false" Description="" AccessLevel="3" Help="" TableName="C_BankAccountDoc_Check" ReplicationType="L" IsChangeLog="false" ACTriggerLength="0" IsIgnoreMigration="false" IsDocument="false" ImportTable="N" IsSecurityEnabled="false" IsDeleteable="true" IsView="false" IsCentrallyMaintained="true" EntityType="U" AD_Val_Rule_ID="" AD_Window_ID="" LoadSeq="0" PO_Window_ID="" UUID="0747e664-1123-4c90-9823-900e3718785a" RequiresSync="false" NameOldValue=""/>
    <GenericPO_AD_Column AD_ColumnUUID="5ce28d41-50f8-4111-bcb5-5c68814c57da" TableNameTag="AD_Column" TableIdTag="101" Last_Updated="1604366885000" ValueMin="" IsActive="true" IsSyncDatabase="N" IsKey="false" AD_Chart_ID="" Description="Client/Tenant for this installation." AD_Image_ID="" ValueMax="" Name="Client" IsMandatory="true" IsTranslated="false" DefaultValue="@#AD_Client_ID@" VFormat="" IsParent="false" IsIdentifier="false" IsSelectionColumn="false" ReadOnlyLogic="" FormatPattern="" MandatoryLogic="" Version="1" ColumnSQL="" ColumnName="AD_Client_ID" Help="A Client is a company or a legal entity. You cannot share data between Clients. Tenant is a synonym for Client." IsUpdateable="true" Callout="" IsAlwaysUpdateable="false" IsEncrypted="N" InfoFactoryClass="" IsAllowLogging="true" IsAutocomplete="false" IsRange="false" IsAllowCopy="false" SeqNo="" EntityType="U" AD_Table_ID="1000041" AD_Table_IDUUID="0747e664-1123-4c90-9823-900e3718785a" AD_Element_ID="102" AD_Element_IDUUID="8cdb6412-fb40-11e8-a479-7a0060f0aa01" AD_Reference_Value_ID="" AD_Val_Rule_ID="129" AD_Val_Rule_IDUUID="a4cab302-fb40-11e8-a479-7a0060f0aa01" FieldLength="10" AD_Reference_ID="19" AD_Reference_IDUUID="a47e9166-fb40-11e8-a479-7a0060f0aa01" UUID="5ce28d41-50f8-4111-bcb5-5c68814c57da" AD_Process_ID="" RequiresSync="false" NameOldValue=""/>
    <GenericPO_AD_Column AD_ColumnUUID="a2d3027a-8bd6-4da2-b040-6ef493ff6f94" TableNameTag="AD_Column" TableIdTag="101" Last_Updated="1604366885000" ValueMin="" IsActive="true" IsSyncDatabase="N" IsKey="false" AD_Chart_ID="" Description="Organizational entity within client" AD_Image_ID="" ValueMax="" Name="Organization" IsMandatory="true" IsTranslated="false" DefaultValue="@#AD_Org_ID@" VFormat="" IsParent="false" IsIdentifier="false" IsSelectionColumn="false" ReadOnlyLogic="" FormatPattern="" MandatoryLogic="" Version="1" ColumnSQL="" ColumnName="AD_Org_ID" Help="An organization is a unit of your client or legal entity - examples are store, department. You can share data between organizations." IsUpdateable="true" Callout="" IsAlwaysUpdateable="false" IsEncrypted="N" InfoFactoryClass="" IsAllowLogging="true" IsAutocomplete="false" IsRange="false" IsAllowCopy="true" SeqNo="" EntityType="U" AD_Table_ID="1000041" AD_Table_IDUUID="0747e664-1123-4c90-9823-900e3718785a" AD_Element_ID="113" AD_Element_IDUUID="8cdb64bc-fb40-11e8-a479-7a0060f0aa01" AD_Reference_Value_ID="" AD_Val_Rule_ID="104" AD_Val_Rule_IDUUID="a4ca2982-fb40-11e8-a479-7a0060f0aa01" FieldLength="10" AD_Reference_ID="19" AD_Reference_IDUUID="a47e9166-fb40-11e8-a479-7a0060f0aa01" UUID="a2d3027a-8bd6-4da2-b040-6ef493ff6f94" AD_Process_ID="" RequiresSync="false" NameOldValue=""/>
    <GenericPO_AD_Column AD_ColumnUUID="e211657a-1613-4a64-a21d-c0575ac2e5f5" TableNameTag="AD_Column" TableIdTag="101" Last_Updated="1604366944000" ValueMin="" IsActive="true" IsSyncDatabase="N" IsKey="false" AD_Chart_ID="" Description="User within the system - Internal or Business Partner Contact" AD_Image_ID="" ValueMax="" Name="User/Contact" IsMandatory="false" IsTranslated="false" DefaultValue="" VFormat="" IsParent="false" IsIdentifier="false" IsSelectionColumn="false" ReadOnlyLogic="" FormatPattern="" MandatoryLogic="" Version="0" ColumnSQL="" ColumnName="AD_User_ID" Help="The User identifies a unique user in the system. This could be an internal user or a business partner contact" IsUpdateable="true" Callout="" IsAlwaysUpdateable="false" IsEncrypted="N" InfoFactoryClass="" IsAllowLogging="true" IsAutocomplete="false" IsRange="false" IsAllowCopy="true" SeqNo="" EntityType="U" AD_Table_ID="1000041" AD_Table_IDUUID="0747e664-1123-4c90-9823-900e3718785a" AD_Element_ID="138" AD_Element_IDUUID="8cd9c30a-fb40-11e8-a479-7a0060f0aa01" AD_Reference_Value_ID="" AD_Val_Rule_ID="" FieldLength="10" AD_Reference_ID="19" AD_Reference_IDUUID="a47e9166-fb40-11e8-a479-7a0060f0aa01" UUID="e211657a-1613-4a64-a21d-c0575ac2e5f5" AD_Process_ID="" RequiresSync="false" NameOldValue=""/>
    <GenericPO_AD_Element AD_ElementUUID="375a9c88-d7a1-4047-b873-921ce1959d1a" TableNameTag="AD_Element" TableIdTag="276" Last_Updated="1604366885000" PO_Help="" ColumnName="C_BankAccountDoc_Check_ID" Name="C_BankAccountDoc_Check ID" Description="" PO_Description="" IsActive="true" PO_Name="" Help="" PrintName="C_BankAccountDoc_Check ID" PO_PrintName="" FieldLength="" AD_Reference_ID="" EntityType="U" AD_Reference_Value_ID="" UUID="375a9c88-d7a1-4047-b873-921ce1959d1a"/>
    <GenericPO_AD_Column AD_ColumnUUID="83de4e8a-1e99-414e-b9cd-ca3ba29ff0e7" TableNameTag="AD_Column" TableIdTag="101" Last_Updated="1604366885000" ValueMin="" IsActive="true" IsSyncDatabase="N" IsKey="true" AD_Chart_ID="" Description="" AD_Image_ID="" ValueMax="" Name="C_BankAccountDoc_Check ID" IsMandatory="true" IsTranslated="false" DefaultValue="" VFormat="" IsParent="false" IsIdentifier="false" IsSelectionColumn="false" ReadOnlyLogic="" FormatPattern="" MandatoryLogic="" Version="1" ColumnSQL="" ColumnName="C_BankAccountDoc_Check_ID" Help="" IsUpdateable="false" Callout="" IsAlwaysUpdateable="false" IsEncrypted="N" InfoFactoryClass="" IsAllowLogging="true" IsAutocomplete="false" IsRange="false" IsAllowCopy="false" SeqNo="" EntityType="U" AD_Table_ID="1000041" AD_Table_IDUUID="0747e664-1123-4c90-9823-900e3718785a" AD_Element_ID="1000270" AD_Element_IDUUID="375a9c88-d7a1-4047-b873-921ce1959d1a" AD_Reference_Value_ID="" AD_Val_Rule_ID="" FieldLength="10" AD_Reference_ID="13" AD_Reference_IDUUID="a47ec136-fb40-11e8-a479-7a0060f0aa01" UUID="83de4e8a-1e99-414e-b9cd-ca3ba29ff0e7" AD_Process_ID="" RequiresSync="false" NameOldValue=""/>
    <GenericPO_AD_Column AD_ColumnUUID="1177977c-764f-4530-ae86-fb6496824d12" TableNameTag="AD_Column" TableIdTag="101" Last_Updated="1604366944000" ValueMin="" IsActive="true" IsSyncDatabase="N" IsKey="false" AD_Chart_ID="" Description="Checks, Transfers, etc." AD_Image_ID="" ValueMax="" Name="Bank Account Document" IsMandatory="true" IsTranslated="false" DefaultValue="" VFormat="" IsParent="false" IsIdentifier="false" IsSelectionColumn="false" ReadOnlyLogic="" FormatPattern="" MandatoryLogic="" Version="0" ColumnSQL="" ColumnName="C_BankAccountDoc_ID" Help="Bank documents, you generate or track" IsUpdateable="true" Callout="" IsAlwaysUpdateable="false" IsEncrypted="N" InfoFactoryClass="" IsAllowLogging="true" IsAutocomplete="false" IsRange="false" IsAllowCopy="true" SeqNo="" EntityType="U" AD_Table_ID="1000041" AD_Table_IDUUID="0747e664-1123-4c90-9823-900e3718785a" AD_Element_ID="1632" AD_Element_IDUUID="8cca6ba8-fb40-11e8-a479-7a0060f0aa01" AD_Reference_Value_ID="" AD_Val_Rule_ID="" FieldLength="10" AD_Reference_ID="19" AD_Reference_IDUUID="a47e9166-fb40-11e8-a479-7a0060f0aa01" UUID="1177977c-764f-4530-ae86-fb6496824d12" AD_Process_ID="" RequiresSync="false" NameOldValue=""/>
    <GenericPO_AD_Reference AD_ReferenceUUID="a47e75d2-fb40-11e8-a479-7a0060f0aa01" TableNameTag="AD_Reference" TableIdTag="102" Last_Updated="1557224548000" ValidationType="D" IsActive="true" Help="" IsOrderByValue="false" VFormat="" Name="Search" Description="Search Field" AD_Reference_ID="30" EntityType="D" UUID="a47e75d2-fb40-11e8-a479-7a0060f0aa01"/>
    <GenericPO_AD_Element AD_ElementUUID="8ccb17b0-fb40-11e8-a479-7a0060f0aa01" TableNameTag="AD_Element" TableIdTag="276" Last_Updated="1259797638000" PO_Help="" ColumnName="C_Payment_ID" AD_Element_ID="1384" Name="Payment" Description="Payment identifier" PO_Description="" IsActive="true" PO_Name="" Help="The Payment is a unique identifier of this payment." PrintName="Payment" PO_PrintName="" FieldLength="22" AD_Reference_ID="30" AD_Reference_IDUUID="a47e75d2-fb40-11e8-a479-7a0060f0aa01" EntityType="D" AD_Reference_Value_ID="" UUID="8ccb17b0-fb40-11e8-a479-7a0060f0aa01"/>
    <GenericPO_AD_Column AD_ColumnUUID="d65fcb5e-3238-475e-b38e-0eb6597bf4ed" TableNameTag="AD_Column" TableIdTag="101" Last_Updated="1604366944000" ValueMin="" IsActive="true" IsSyncDatabase="N" IsKey="false" AD_Chart_ID="" Description="Payment identifier" AD_Image_ID="" ValueMax="" Name="Payment" IsMandatory="false" IsTranslated="false" DefaultValue="" VFormat="" IsParent="false" IsIdentifier="false" IsSelectionColumn="false" ReadOnlyLogic="" FormatPattern="" MandatoryLogic="" Version="0" ColumnSQL="" ColumnName="C_Payment_ID" Help="The Payment is a unique identifier of this payment." IsUpdateable="true" Callout="" IsAlwaysUpdateable="false" IsEncrypted="N" InfoFactoryClass="" IsAllowLogging="true" IsAutocomplete="false" IsRange="false" IsAllowCopy="false" SeqNo="" EntityType="U" AD_Table_ID="1000041" AD_Table_IDUUID="0747e664-1123-4c90-9823-900e3718785a" AD_Element_ID="1384" AD_Element_IDUUID="8ccb17b0-fb40-11e8-a479-7a0060f0aa01" AD_Reference_Value_ID="" AD_Val_Rule_ID="" FieldLength="10" AD_Reference_ID="19" AD_Reference_IDUUID="a47e9166-fb40-11e8-a479-7a0060f0aa01" UUID="d65fcb5e-3238-475e-b38e-0eb6597bf4ed" AD_Process_ID="" RequiresSync="false" NameOldValue=""/>
    <GenericPO_AD_Element AD_ElementUUID="8cc9dd32-fb40-11e8-a479-7a0060f0aa01" TableNameTag="AD_Element" TableIdTag="276" Last_Updated="946792800000" PO_Help="" ColumnName="CheckNo" AD_Element_ID="1389" Name="Check No" Description="Check Number" PO_Description="" IsActive="true" PO_Name="" Help="The Check Number indicates the number on the check." PrintName="Check No" PO_PrintName="" FieldLength="20" AD_Reference_ID="10" AD_Reference_IDUUID="a47e9486-fb40-11e8-a479-7a0060f0aa01" EntityType="D" AD_Reference_Value_ID="" UUID="8cc9dd32-fb40-11e8-a479-7a0060f0aa01"/>
    <GenericPO_AD_Column AD_ColumnUUID="42f64653-165f-49d4-af35-6ee3c69c629d" TableNameTag="AD_Column" TableIdTag="101" Last_Updated="1604366944000" ValueMin="" IsActive="true" IsSyncDatabase="N" IsKey="false" AD_Chart_ID="" Description="Check Number" AD_Image_ID="" ValueMax="" Name="Check No" IsMandatory="false" IsTranslated="false" DefaultValue="" VFormat="" IsParent="false" IsIdentifier="false" IsSelectionColumn="false" ReadOnlyLogic="" FormatPattern="" MandatoryLogic="" Version="0" ColumnSQL="" ColumnName="CheckNo" Help="The Check Number indicates the number on the check." IsUpdateable="true" Callout="" IsAlwaysUpdateable="false" IsEncrypted="N" InfoFactoryClass="" IsAllowLogging="true" IsAutocomplete="false" IsRange="false" IsAllowCopy="true" SeqNo="" EntityType="U" AD_Table_ID="1000041" AD_Table_IDUUID="0747e664-1123-4c90-9823-900e3718785a" AD_Element_ID="1389" AD_Element_IDUUID="8cc9dd32-fb40-11e8-a479-7a0060f0aa01" AD_Reference_Value_ID="" AD_Val_Rule_ID="" FieldLength="20" AD_Reference_ID="10" AD_Reference_IDUUID="a47e9486-fb40-11e8-a479-7a0060f0aa01" UUID="42f64653-165f-49d4-af35-6ee3c69c629d" AD_Process_ID="" RequiresSync="false" NameOldValue=""/>
    <GenericPO_AD_Column AD_ColumnUUID="9b2cf5a8-a458-4e18-a88b-b1a9e904104c" TableNameTag="AD_Column" TableIdTag="101" Last_Updated="1604366885000" ValueMin="" IsActive="true" IsSyncDatabase="N" IsKey="false" AD_Chart_ID="" Description="Date this record was created" AD_Image_ID="" ValueMax="" Name="Created" IsMandatory="true" IsTranslated="false" DefaultValue="" VFormat="" IsParent="false" IsIdentifier="false" IsSelectionColumn="false" ReadOnlyLogic="" FormatPattern="" MandatoryLogic="" Version="1" ColumnSQL="" ColumnName="Created" Help="The Created field indicates the date that this record was created." IsUpdateable="true" Callout="" IsAlwaysUpdateable="false" IsEncrypted="N" InfoFactoryClass="" IsAllowLogging="true" IsAutocomplete="false" IsRange="false" IsAllowCopy="false" SeqNo="" EntityType="U" AD_Table_ID="1000041" AD_Table_IDUUID="0747e664-1123-4c90-9823-900e3718785a" AD_Element_ID="245" AD_Element_IDUUID="8cc512e8-fb40-11e8-a479-7a0060f0aa01" AD_Reference_Value_ID="" AD_Val_Rule_ID="" FieldLength="0" AD_Reference_ID="16" AD_Reference_IDUUID="a47e921a-fb40-11e8-a479-7a0060f0aa01" UUID="9b2cf5a8-a458-4e18-a88b-b1a9e904104c" AD_Process_ID="" RequiresSync="false" NameOldValue=""/>
    <GenericPO_AD_Column AD_ColumnUUID="fa4c0949-2154-42a3-b09e-7d5bb91b1c7c" TableNameTag="AD_Column" TableIdTag="101" Last_Updated="1604366885000" ValueMin="" IsActive="true" IsSyncDatabase="N" IsKey="false" AD_Chart_ID="" Description="User who created this records" AD_Image_ID="" ValueMax="" Name="Created By" IsMandatory="true" IsTranslated="false" DefaultValue="" VFormat="" IsParent="false" IsIdentifier="false" IsSelectionColumn="false" ReadOnlyLogic="" FormatPattern="" MandatoryLogic="" Version="1" ColumnSQL="" ColumnName="CreatedBy" Help="The Created By field indicates the user who created this record." IsUpdateable="true" Callout="" IsAlwaysUpdateable="false" IsEncrypted="N" InfoFactoryClass="" IsAllowLogging="true" IsAutocomplete="false" IsRange="false" IsAllowCopy="false" SeqNo="" EntityType="U" AD_Table_ID="1000041" AD_Table_IDUUID="0747e664-1123-4c90-9823-900e3718785a" AD_Element_ID="246" AD_Element_IDUUID="8cc513ba-fb40-11e8-a479-7a0060f0aa01" AD_Reference_Value_ID="110" AD_Reference_Value_IDUUID="a47e93aa-fb40-11e8-a479-7a0060f0aa01" AD_Val_Rule_ID="" FieldLength="10" AD_Reference_ID="18" AD_Reference_IDUUID="a47e9292-fb40-11e8-a479-7a0060f0aa01" UUID="fa4c0949-2154-42a3-b09e-7d5bb91b1c7c" AD_Process_ID="" RequiresSync="false" NameOldValue=""/>
    <GenericPO_AD_Reference AD_ReferenceUUID="a47d8316-fb40-11e8-a479-7a0060f0aa01" TableNameTag="AD_Reference" TableIdTag="102" Last_Updated="1501559195000" ValidationType="D" IsActive="true" Help="" IsOrderByValue="false" VFormat="" Name="Date" Description="Date mm/dd/yyyy" AD_Reference_ID="15" EntityType="D" UUID="a47d8316-fb40-11e8-a479-7a0060f0aa01"/>
    <GenericPO_AD_Element AD_ElementUUID="8cc82852-fb40-11e8-a479-7a0060f0aa01" TableNameTag="AD_Element" TableIdTag="276" Last_Updated="946792800000" PO_Help="" ColumnName="DateTrx" AD_Element_ID="1297" Name="Transaction Date" Description="Transaction Date" PO_Description="" IsActive="true" PO_Name="" Help="The Transaction Date indicates the date of the transaction." PrintName="Trx Date" PO_PrintName="" FieldLength="7" AD_Reference_ID="15" AD_Reference_IDUUID="a47d8316-fb40-11e8-a479-7a0060f0aa01" EntityType="D" AD_Reference_Value_ID="" UUID="8cc82852-fb40-11e8-a479-7a0060f0aa01"/>
    <GenericPO_AD_Column AD_ColumnUUID="0d561718-aaf2-4c91-8e3d-72d3b1a36f12" TableNameTag="AD_Column" TableIdTag="101" Last_Updated="1604366944000" ValueMin="" IsActive="true" IsSyncDatabase="N" IsKey="false" AD_Chart_ID="" Description="Transaction Date" AD_Image_ID="" ValueMax="" Name="Transaction Date" IsMandatory="false" IsTranslated="false" DefaultValue="" VFormat="" IsParent="false" IsIdentifier="false" IsSelectionColumn="false" ReadOnlyLogic="" FormatPattern="" MandatoryLogic="" Version="0" ColumnSQL="" ColumnName="DateTrx" Help="The Transaction Date indicates the date of the transaction." IsUpdateable="true" Callout="" IsAlwaysUpdateable="false" IsEncrypted="N" InfoFactoryClass="" IsAllowLogging="true" IsAutocomplete="false" IsRange="false" IsAllowCopy="true" SeqNo="" EntityType="U" AD_Table_ID="1000041" AD_Table_IDUUID="0747e664-1123-4c90-9823-900e3718785a" AD_Element_ID="1297" AD_Element_IDUUID="8cc82852-fb40-11e8-a479-7a0060f0aa01" AD_Reference_Value_ID="" AD_Val_Rule_ID="" FieldLength="0" AD_Reference_ID="16" AD_Reference_IDUUID="a47e921a-fb40-11e8-a479-7a0060f0aa01" UUID="0d561718-aaf2-4c91-8e3d-72d3b1a36f12" AD_Process_ID="" RequiresSync="false" NameOldValue=""/>
    <GenericPO_AD_Element AD_ElementUUID="11512048-865c-43de-9964-f4cf5c9c0e52" TableNameTag="AD_Element" TableIdTag="276" Last_Updated="1604366944000" PO_Help="" ColumnName="isvoided" Name="isvoided" Description="" PO_Description="" IsActive="true" PO_Name="" Help="" PrintName="isvoided" PO_PrintName="" FieldLength="" AD_Reference_ID="" EntityType="U" AD_Reference_Value_ID="" UUID="11512048-865c-43de-9964-f4cf5c9c0e52"/>
    <GenericPO_AD_Column AD_ColumnUUID="a69b1b71-ed72-4931-bd46-fe284e441cc3" TableNameTag="AD_Column" TableIdTag="101" Last_Updated="1604366944000" ValueMin="" IsActive="true" IsSyncDatabase="N" IsKey="false" AD_Chart_ID="" Description="" AD_Image_ID="" ValueMax="" Name="isvoided" IsMandatory="true" IsTranslated="false" DefaultValue="" VFormat="" IsParent="false" IsIdentifier="false" IsSelectionColumn="false" ReadOnlyLogic="" FormatPattern="" MandatoryLogic="" Version="0" ColumnSQL="" ColumnName="isvoided" Help="" IsUpdateable="true" Callout="" IsAlwaysUpdateable="false" IsEncrypted="N" InfoFactoryClass="" IsAllowLogging="true" IsAutocomplete="false" IsRange="false" IsAllowCopy="true" SeqNo="" EntityType="U" AD_Table_ID="1000041" AD_Table_IDUUID="0747e664-1123-4c90-9823-900e3718785a" AD_Element_ID="1000271" AD_Element_IDUUID="11512048-865c-43de-9964-f4cf5c9c0e52" AD_Reference_Value_ID="" AD_Val_Rule_ID="" FieldLength="1" AD_Reference_ID="20" AD_Reference_IDUUID="a47d88fc-fb40-11e8-a479-7a0060f0aa01" UUID="a69b1b71-ed72-4931-bd46-fe284e441cc3" AD_Process_ID="" RequiresSync="false" NameOldValue=""/>
    <GenericPO_AD_Reference AD_ReferenceUUID="a47e78ca-fb40-11e8-a479-7a0060f0aa01" TableNameTag="AD_Reference" TableIdTag="102" Last_Updated="1501557002000" ValidationType="D" IsActive="true" Help="" IsOrderByValue="false" VFormat="" Name="Amount" Description="Number with 4 decimals" AD_Reference_ID="12" EntityType="D" UUID="a47e78ca-fb40-11e8-a479-7a0060f0aa01"/>
    <GenericPO_AD_Element AD_ElementUUID="8cc8e0c6-fb40-11e8-a479-7a0060f0aa01" TableNameTag="AD_Element" TableIdTag="276" Last_Updated="1259797615000" PO_Help="" ColumnName="PayAmt" AD_Element_ID="1477" Name="Payment amount" Description="Amount being paid" PO_Description="" IsActive="true" PO_Name="" Help="Indicates the amount this payment is for.  The payment amount can be for single or multiple invoices or a partial payment for an invoice." PrintName="Payment Amt" PO_PrintName="" FieldLength="22" AD_Reference_ID="12" AD_Reference_IDUUID="a47e78ca-fb40-11e8-a479-7a0060f0aa01" EntityType="D" AD_Reference_Value_ID="" UUID="8cc8e0c6-fb40-11e8-a479-7a0060f0aa01"/>
    <GenericPO_AD_Column AD_ColumnUUID="a7f145fb-04e1-452f-b8bb-da1b44f70b1b" TableNameTag="AD_Column" TableIdTag="101" Last_Updated="1604366944000" ValueMin="" IsActive="true" IsSyncDatabase="N" IsKey="false" AD_Chart_ID="" Description="Amount being paid" AD_Image_ID="" ValueMax="" Name="Payment amount" IsMandatory="false" IsTranslated="false" DefaultValue="" VFormat="" IsParent="false" IsIdentifier="false" IsSelectionColumn="false" ReadOnlyLogic="" FormatPattern="" MandatoryLogic="" Version="0" ColumnSQL="" ColumnName="PayAmt" Help="Indicates the amount this payment is for.  The payment amount can be for single or multiple invoices or a partial payment for an invoice." IsUpdateable="true" Callout="" IsAlwaysUpdateable="false" IsEncrypted="N" InfoFactoryClass="" IsAllowLogging="true" IsAutocomplete="false" IsRange="false" IsAllowCopy="true" SeqNo="" EntityType="U" AD_Table_ID="1000041" AD_Table_IDUUID="0747e664-1123-4c90-9823-900e3718785a" AD_Element_ID="1477" AD_Element_IDUUID="8cc8e0c6-fb40-11e8-a479-7a0060f0aa01" AD_Reference_Value_ID="" AD_Val_Rule_ID="" FieldLength="0" AD_Reference_ID="12" AD_Reference_IDUUID="a47e78ca-fb40-11e8-a479-7a0060f0aa01" UUID="a7f145fb-04e1-452f-b8bb-da1b44f70b1b" AD_Process_ID="" RequiresSync="false" NameOldValue=""/>
    <GenericPO_AD_Column AD_ColumnUUID="a2d38b83-cf19-43ae-9271-4b0f06072bfe" TableNameTag="AD_Column" TableIdTag="101" Last_Updated="1604366885000" ValueMin="" IsActive="true" IsSyncDatabase="N" IsKey="false" AD_Chart_ID="" Description="Date this record was updated" AD_Image_ID="" ValueMax="" Name="Updated" IsMandatory="true" IsTranslated="false" DefaultValue="" VFormat="" IsParent="false" IsIdentifier="false" IsSelectionColumn="false" ReadOnlyLogic="" FormatPattern="" MandatoryLogic="" Version="1" ColumnSQL="" ColumnName="Updated" Help="The Updated field indicates the date that this record was updated." IsUpdateable="true" Callout="" IsAlwaysUpdateable="false" IsEncrypted="N" InfoFactoryClass="" IsAllowLogging="true" IsAutocomplete="false" IsRange="false" IsAllowCopy="false" SeqNo="" EntityType="U" AD_Table_ID="1000041" AD_Table_IDUUID="0747e664-1123-4c90-9823-900e3718785a" AD_Element_ID="607" AD_Element_IDUUID="8cc51496-fb40-11e8-a479-7a0060f0aa01" AD_Reference_Value_ID="" AD_Val_Rule_ID="" FieldLength="0" AD_Reference_ID="16" AD_Reference_IDUUID="a47e921a-fb40-11e8-a479-7a0060f0aa01" UUID="a2d38b83-cf19-43ae-9271-4b0f06072bfe" AD_Process_ID="" RequiresSync="false" NameOldValue=""/>
    <GenericPO_AD_Column AD_ColumnUUID="3658f154-604f-473f-a649-14acce3f1edc" TableNameTag="AD_Column" TableIdTag="101" Last_Updated="1604366885000" ValueMin="" IsActive="true" IsSyncDatabase="N" IsKey="false" AD_Chart_ID="" Description="User who updated this records" AD_Image_ID="" ValueMax="" Name="Updated By" IsMandatory="true" IsTranslated="false" DefaultValue="" VFormat="" IsParent="false" IsIdentifier="false" IsSelectionColumn="false" ReadOnlyLogic="" FormatPattern="" MandatoryLogic="" Version="1" ColumnSQL="" ColumnName="UpdatedBy" Help="The Updated By field indicates the user who updated this record." IsUpdateable="true" Callout="" IsAlwaysUpdateable="false" IsEncrypted="N" InfoFactoryClass="" IsAllowLogging="true" IsAutocomplete="false" IsRange="false" IsAllowCopy="false" SeqNo="" EntityType="U" AD_Table_ID="1000041" AD_Table_IDUUID="0747e664-1123-4c90-9823-900e3718785a" AD_Element_ID="608" AD_Element_IDUUID="8cd4820a-fb40-11e8-a479-7a0060f0aa01" AD_Reference_Value_ID="110" AD_Reference_Value_IDUUID="a47e93aa-fb40-11e8-a479-7a0060f0aa01" AD_Val_Rule_ID="" FieldLength="10" AD_Reference_ID="18" AD_Reference_IDUUID="a47e9292-fb40-11e8-a479-7a0060f0aa01" UUID="3658f154-604f-473f-a649-14acce3f1edc" AD_Process_ID="" RequiresSync="false" NameOldValue=""/>
    <GenericPO_AD_Column AD_ColumnUUID="6bd1f3c3-ad0f-46ed-8156-a7430d1df5af" TableNameTag="AD_Column" TableIdTag="101" Last_Updated="1604366885000" ValueMin="" IsActive="true" IsSyncDatabase="N" IsKey="false" AD_Chart_ID="" Description="Immutable Universally Unique Identifier" AD_Image_ID="" ValueMax="" Name="Immutable Universally Unique Identifier" IsMandatory="false" IsTranslated="false" DefaultValue="" VFormat="" IsParent="false" IsIdentifier="false" IsSelectionColumn="false" ReadOnlyLogic="" FormatPattern="" MandatoryLogic="" Version="1" ColumnSQL="" ColumnName="UUID" Help="&quot;A surrogate key in a database is a unique identifier for either an entity in the modeled world or an object in the database. The surrogate key is not derived from application data, unlike a natural (or business) key which is derived from application data. &quot; , According to Wikipedia http://en.wikipedia.org/wiki/Surrogate_key" IsUpdateable="true" Callout="" IsAlwaysUpdateable="false" IsEncrypted="N" InfoFactoryClass="" IsAllowLogging="true" IsAutocomplete="false" IsRange="false" IsAllowCopy="true" SeqNo="" EntityType="U" AD_Table_ID="1000041" AD_Table_IDUUID="0747e664-1123-4c90-9823-900e3718785a" AD_Element_ID="59595" AD_Element_IDUUID="8cdaa8e2-fb40-11e8-a479-7a0060f0aa01" AD_Reference_Value_ID="" AD_Val_Rule_ID="" FieldLength="36" AD_Reference_ID="10" AD_Reference_IDUUID="a47e9486-fb40-11e8-a479-7a0060f0aa01" UUID="6bd1f3c3-ad0f-46ed-8156-a7430d1df5af" AD_Process_ID="" RequiresSync="false" NameOldValue=""/>
    <GenericPO_AD_Sequence AD_SequenceUUID="500a4411-0fab-41c1-a210-2c7aa791fa8d" TableNameTag="AD_Sequence" TableIdTag="115" Last_Updated="1604366886000" Description="Table C_BankAccountDoc_Check" IsActive="true" StartNewYear="false" VFormat="" IsAutoSequence="true" IsAudited="false" Prefix="" Suffix="" DateColumn="" DecimalPattern="" Name="C_BankAccountDoc_Check" IncrementNo="1" StartNo="1000000" IsTableID="true" CurrentNextSys="50000" CurrentNext="1000008" UUID="500a4411-0fab-41c1-a210-2c7aa791fa8d"/>
</adempiereAD>
