<?xml version="1.0" encoding="ISO-8859-1"?><adempiereAD Name="SB_PayPrint" Version="1" CompVer="all" DataBase="1" Description=" " creator="1" creatorcontact="1" createddate="2020-11-10 10:23:57.0" updateddate="2020-11-10 10:23:57.0" PackOutVer="005">
    <GenericPO_AD_Process AD_ProcessUUID="70a16fed-7e39-4978-ab91-49fe5cdb50cd" TableNameTag="AD_Process" TableIdTag="284" Last_Updated="1604438728000" Classname="org.adempiere.process.SBP_Print_Payselection" AD_Browse_ID="" Help="" WorkflowValue="" GenerateClass="N" IsBetaFunctionality="false" AD_PrintFormat_ID="" Statistic_Seconds="215" Statistic_Count="11" IsDirectPrint="false" CopyFromProcess="N" AD_Workflow_ID="" ProcedureName="" AD_ReportView_ID="" EntityType="D" JasperReport="" Name="SBP_Print_Payselection" Description="" ShowHelp="Y" Value="SBP_Print_Payselection" AD_Form_ID="" AccessLevel="3" IsReport="false" IsServerProcess="false" IsActive="true" UUID="70a16fed-7e39-4978-ab91-49fe5cdb50cd"/>
    <GenericPO_AD_Reference AD_ReferenceUUID="a47ec136-fb40-11e8-a479-7a0060f0aa01" TableNameTag="AD_Reference" TableIdTag="102" Last_Updated="1566598716000" ValidationType="D" IsActive="true" Help="" IsOrderByValue="false" VFormat="" Name="ID" Description="10 Digit Identifier" AD_Reference_ID="13" EntityType="D" UUID="a47ec136-fb40-11e8-a479-7a0060f0aa01"/>
    <GenericPO_AD_Element AD_ElementUUID="8cc6cafc-fb40-11e8-a479-7a0060f0aa01" TableNameTag="AD_Element" TableIdTag="276" Last_Updated="1259797566000" PO_Help="" ColumnName="C_BankAccount_ID" AD_Element_ID="836" Name="Bank Account" Description="Account at the Bank" PO_Description="" IsActive="true" PO_Name="" Help="The Bank Account identifies an account at this Bank." PrintName="Bank Account" PO_PrintName="" FieldLength="22" AD_Reference_ID="13" AD_Reference_IDUUID="a47ec136-fb40-11e8-a479-7a0060f0aa01" EntityType="D" AD_Reference_Value_ID="" UUID="8cc6cafc-fb40-11e8-a479-7a0060f0aa01"/>
    <GenericPO_AD_Reference AD_ReferenceUUID="a47e9166-fb40-11e8-a479-7a0060f0aa01" TableNameTag="AD_Reference" TableIdTag="102" Last_Updated="1566598717000" ValidationType="D" IsActive="true" Help="" IsOrderByValue="false" VFormat="" Name="Table Direct" Description="Direct Table Access" AD_Reference_ID="19" EntityType="D" UUID="a47e9166-fb40-11e8-a479-7a0060f0aa01"/>
    <GenericPO_AD_Val_Rule AD_Val_RuleUUID="55d9e730-cafe-4bdd-be10-ae0807753df6" TableNameTag="AD_Val_Rule" TableIdTag="108" Last_Updated="1604366670000" Type="S" IsActive="true" Code="C_BankAccount.C_BankAccount_ID=@PS_C_BankAccount_ID@" Name="C_BankAccount_ID of SB Header" Description="" EntityType="U" UUID="55d9e730-cafe-4bdd-be10-ae0807753df6"/>
    <GenericPO_AD_Process_Para AD_Process_ParaUUID="805b0b24-21d9-47b7-a59c-a1dc7ba13caf" TableNameTag="AD_Process_Para" TableIdTag="285" Last_Updated="1604366736000" Name="Bank Account" Description="Account at the Bank" FieldLength="22" AD_Reference_Value_ID="" IsActive="true" IsMandatory="true" ValueMax="" ColumnName="C_BankAccount_ID" Help="The Bank Account identifies an account at this Bank." IsRange="false" ReadOnlyLogic="" IsCentrallyMaintained="true" DefaultValue2="" VFormat="" ValueMin="" DefaultValue="-1" DisplayLogic="" IsInfoOnly="false" AD_Process_Para_ID="57488" EntityType="D" AD_Process_ID="1000002" AD_Process_IDUUID="70a16fed-7e39-4978-ab91-49fe5cdb50cd" AD_Reference_ID="19" AD_Reference_IDUUID="a47e9166-fb40-11e8-a479-7a0060f0aa01" AD_Val_Rule_ID="1000047" AD_Val_Rule_IDUUID="55d9e730-cafe-4bdd-be10-ae0807753df6" SeqNo="10" AD_Element_ID="836" AD_Element_IDUUID="8cc6cafc-fb40-11e8-a479-7a0060f0aa01" UUID="805b0b24-21d9-47b7-a59c-a1dc7ba13caf"/>
    <GenericPO_AD_Reference AD_ReferenceUUID="a47e0606-fb40-11e8-a479-7a0060f0aa01" TableNameTag="AD_Reference" TableIdTag="102" Last_Updated="1259797573000" ValidationType="L" IsActive="true" Help="" IsOrderByValue="false" VFormat="" Name="_Payment Rule" Description="In &amp; Out Payment Options" AD_Reference_ID="195" EntityType="D" UUID="a47e0606-fb40-11e8-a479-7a0060f0aa01"/>
    <GenericPO_AD_Ref_List AD_Ref_ListUUID="a456980a-fb40-11e8-a479-7a0060f0aa01" TableNameTag="AD_Ref_List" TableIdTag="104" Last_Updated="1259797573000" IsActive="true" AD_Reference_ID="195" AD_Reference_IDUUID="a47e0606-fb40-11e8-a479-7a0060f0aa01" Value="K" Description="" ValidFrom="" Name="Credit Card" ValidTo="" EntityType="D" AD_Ref_List_ID="333" UUID="a456980a-fb40-11e8-a479-7a0060f0aa01"/>
    <GenericPO_AD_Ref_List AD_Ref_ListUUID="a4569878-fb40-11e8-a479-7a0060f0aa01" TableNameTag="AD_Ref_List" TableIdTag="104" Last_Updated="1259797574000" IsActive="true" AD_Reference_ID="195" AD_Reference_IDUUID="a47e0606-fb40-11e8-a479-7a0060f0aa01" Value="P" Description="" ValidFrom="" Name="On Credit" ValidTo="" EntityType="D" AD_Ref_List_ID="337" UUID="a4569878-fb40-11e8-a479-7a0060f0aa01"/>
    <GenericPO_AD_Ref_List AD_Ref_ListUUID="a45698dc-fb40-11e8-a479-7a0060f0aa01" TableNameTag="AD_Ref_List" TableIdTag="104" Last_Updated="1259797574000" IsActive="true" AD_Reference_ID="195" AD_Reference_IDUUID="a47e0606-fb40-11e8-a479-7a0060f0aa01" Value="S" Description="" ValidFrom="" Name="Check" ValidTo="" EntityType="D" AD_Ref_List_ID="335" UUID="a45698dc-fb40-11e8-a479-7a0060f0aa01"/>
    <GenericPO_AD_Ref_List AD_Ref_ListUUID="a4569940-fb40-11e8-a479-7a0060f0aa01" TableNameTag="AD_Ref_List" TableIdTag="104" Last_Updated="1259797574000" IsActive="true" AD_Reference_ID="195" AD_Reference_IDUUID="a47e0606-fb40-11e8-a479-7a0060f0aa01" Value="T" Description="" ValidFrom="" Name="Direct Deposit" ValidTo="" EntityType="D" AD_Ref_List_ID="334" UUID="a4569940-fb40-11e8-a479-7a0060f0aa01"/>
    <GenericPO_AD_Ref_List AD_Ref_ListUUID="a4597c5a-fb40-11e8-a479-7a0060f0aa01" TableNameTag="AD_Ref_List" TableIdTag="104" Last_Updated="1259797573000" IsActive="true" AD_Reference_ID="195" AD_Reference_IDUUID="a47e0606-fb40-11e8-a479-7a0060f0aa01" Value="B" Description="" ValidFrom="" Name="Cash" ValidTo="" EntityType="D" AD_Ref_List_ID="332" UUID="a4597c5a-fb40-11e8-a479-7a0060f0aa01"/>
    <GenericPO_AD_Ref_List AD_Ref_ListUUID="a4597cc8-fb40-11e8-a479-7a0060f0aa01" TableNameTag="AD_Ref_List" TableIdTag="104" Last_Updated="1259797573000" IsActive="true" AD_Reference_ID="195" AD_Reference_IDUUID="a47e0606-fb40-11e8-a479-7a0060f0aa01" Value="D" Description="" ValidFrom="" Name="Direct Debit" ValidTo="" EntityType="D" AD_Ref_List_ID="652" UUID="a4597cc8-fb40-11e8-a479-7a0060f0aa01"/>
    <GenericPO_AD_Ref_List AD_Ref_ListUUID="a4597d2c-fb40-11e8-a479-7a0060f0aa01" TableNameTag="AD_Ref_List" TableIdTag="104" Last_Updated="1259797573000" IsActive="true" AD_Reference_ID="195" AD_Reference_IDUUID="a47e0606-fb40-11e8-a479-7a0060f0aa01" Value="M" Description="" ValidFrom="" Name="Mixed" ValidTo="" EntityType="D" AD_Ref_List_ID="52000" UUID="a4597d2c-fb40-11e8-a479-7a0060f0aa01"/>
    <GenericPO_AD_Reference AD_ReferenceUUID="a47d899c-fb40-11e8-a479-7a0060f0aa01" TableNameTag="AD_Reference" TableIdTag="102" Last_Updated="1566598721000" ValidationType="D" IsActive="true" Help="" IsOrderByValue="false" VFormat="" Name="List" Description="Reference List" AD_Reference_ID="17" EntityType="D" UUID="a47d899c-fb40-11e8-a479-7a0060f0aa01"/>
    <GenericPO_AD_Element AD_ElementUUID="8cc54c36-fb40-11e8-a479-7a0060f0aa01" TableNameTag="AD_Element" TableIdTag="276" Last_Updated="1259797616000" PO_Help="" ColumnName="PaymentRule" AD_Element_ID="1143" Name="Payment Rule" Description="How you pay the invoice" PO_Description="" IsActive="true" PO_Name="" Help="The Payment Rule indicates the method of invoice payment." PrintName="Payment Rule" PO_PrintName="" FieldLength="1" AD_Reference_ID="17" AD_Reference_IDUUID="a47d899c-fb40-11e8-a479-7a0060f0aa01" EntityType="D" AD_Reference_Value_ID="195" AD_Reference_Value_IDUUID="a47e0606-fb40-11e8-a479-7a0060f0aa01" UUID="8cc54c36-fb40-11e8-a479-7a0060f0aa01"/>
    <GenericPO_AD_Val_Rule AD_Val_RuleUUID="" TableNameTag="AD_Val_Rule" TableIdTag="108" Last_Updated="1539018471000" Type="S" IsActive="true" Code="EXISTS (SELECT 1 FROM C_BankAccountDoc d WHERE d.C_BankAccount_ID = @C_BankAccount_ID@ AND d.IsActive='Y' AND d.PaymentRule = AD_Ref_List.Value)" Name="PaymentRule of Bank Account (SB_Print)" Description="" EntityType="U" UUID=""/>
    <GenericPO_AD_Process_Para AD_Process_ParaUUID="fbe290ce-5091-40eb-ae23-1f4109ebe949" TableNameTag="AD_Process_Para" TableIdTag="285" Last_Updated="1604366742000" Name="Payment Rule" Description="How you pay the invoice" FieldLength="1" AD_Reference_Value_ID="195" AD_Reference_Value_IDUUID="a47e0606-fb40-11e8-a479-7a0060f0aa01" IsActive="true" IsMandatory="true" ValueMax="" ColumnName="PaymentRule" Help="The Payment Rule indicates the method of invoice payment." IsRange="false" ReadOnlyLogic="" IsCentrallyMaintained="true" DefaultValue2="" VFormat="" ValueMin="" DefaultValue="" DisplayLogic="" IsInfoOnly="false" EntityType="D" AD_Process_ID="1000002" AD_Process_IDUUID="70a16fed-7e39-4978-ab91-49fe5cdb50cd" AD_Reference_ID="17" AD_Reference_IDUUID="a47d899c-fb40-11e8-a479-7a0060f0aa01" AD_Val_Rule_ID="1000002" SeqNo="20" AD_Element_ID="1143" AD_Element_IDUUID="8cc54c36-fb40-11e8-a479-7a0060f0aa01" UUID="fbe290ce-5091-40eb-ae23-1f4109ebe949"/>
    <GenericPO_AD_Element AD_ElementUUID="8cca6ba8-fb40-11e8-a479-7a0060f0aa01" TableNameTag="AD_Element" TableIdTag="276" Last_Updated="946792800000" PO_Help="" ColumnName="C_BankAccountDoc_ID" AD_Element_ID="1632" Name="Bank Account Document" Description="Checks, Transfers, etc." PO_Description="" IsActive="true" PO_Name="" Help="Bank documents, you generate or track" PrintName="Bank Account Doc" PO_PrintName="" FieldLength="22" AD_Reference_ID="13" AD_Reference_IDUUID="a47ec136-fb40-11e8-a479-7a0060f0aa01" EntityType="D" AD_Reference_Value_ID="" UUID="8cca6ba8-fb40-11e8-a479-7a0060f0aa01"/>
    <GenericPO_AD_Process_Para AD_Process_ParaUUID="57115bb2-5573-445a-8797-2599c2cdbe29" TableNameTag="AD_Process_Para" TableIdTag="285" Last_Updated="1604430926000" Name="Bank Account Document" Description="Checks, Transfers, etc." FieldLength="22" AD_Reference_Value_ID="" IsActive="true" IsMandatory="true" ValueMax="" ColumnName="C_BankAccountDoc_ID" Help="Bank documents, you generate or track" IsRange="false" ReadOnlyLogic="" IsCentrallyMaintained="true" DefaultValue2="" VFormat="" ValueMin="" DefaultValue="" DisplayLogic="" IsInfoOnly="false" EntityType="D" AD_Process_ID="1000002" AD_Process_IDUUID="70a16fed-7e39-4978-ab91-49fe5cdb50cd" AD_Reference_ID="19" AD_Reference_IDUUID="a47e9166-fb40-11e8-a479-7a0060f0aa01" AD_Val_Rule_ID="1000004" SeqNo="30" AD_Element_ID="1632" AD_Element_IDUUID="8cca6ba8-fb40-11e8-a479-7a0060f0aa01" UUID="57115bb2-5573-445a-8797-2599c2cdbe29"/>
    <GenericPO_AD_Reference AD_ReferenceUUID="f93d0644-b165-43d8-899c-98323ebcc534" TableNameTag="AD_Reference" TableIdTag="102" Last_Updated="1577050877000" ValidationType="L" IsActive="true" Help="" IsOrderByValue="false" VFormat="" Name="cmd_PayPrint" Description="" AD_Reference_ID="54192" EntityType="U" UUID="f93d0644-b165-43d8-899c-98323ebcc534"/>
    <GenericPO_AD_Ref_List AD_Ref_ListUUID="99f089cf-18c9-43b9-9a8d-a930150d817d" TableNameTag="AD_Ref_List" TableIdTag="104" Last_Updated="1577050896000" IsActive="true" AD_Reference_ID="54192" AD_Reference_IDUUID="f93d0644-b165-43d8-899c-98323ebcc534" Value="PR" Description="" ValidFrom="" Name="Print Cheque" ValidTo="" EntityType="D" AD_Ref_List_ID="55434" UUID="99f089cf-18c9-43b9-9a8d-a930150d817d"/>
    <GenericPO_AD_Ref_List AD_Ref_ListUUID="eb15c91a-d28c-4759-95a2-ed24ee1770f9" TableNameTag="AD_Ref_List" TableIdTag="104" Last_Updated="1577050924000" IsActive="true" AD_Reference_ID="54192" AD_Reference_IDUUID="f93d0644-b165-43d8-899c-98323ebcc534" Value="EX" Description="" ValidFrom="" Name="Export" ValidTo="" EntityType="D" AD_Ref_List_ID="55436" UUID="eb15c91a-d28c-4759-95a2-ed24ee1770f9"/>
    <GenericPO_AD_Element AD_ElementUUID="f14b13f8-9900-4b35-8705-542c972058f9" TableNameTag="AD_Element" TableIdTag="276" Last_Updated="1577057873000" PO_Help="" ColumnName="cmd_PayPrint" AD_Element_ID="61246" Name="cmd_PayPrint" Description="" PO_Description="" IsActive="true" PO_Name="" Help="" PrintName="cmd_PayPrint" PO_PrintName="" FieldLength="0" AD_Reference_ID="17" AD_Reference_IDUUID="a47d899c-fb40-11e8-a479-7a0060f0aa01" EntityType="D" AD_Reference_Value_ID="54192" AD_Reference_Value_IDUUID="f93d0644-b165-43d8-899c-98323ebcc534" UUID="f14b13f8-9900-4b35-8705-542c972058f9"/>
    <GenericPO_AD_Process_Para AD_Process_ParaUUID="8fcffc5d-970e-4bae-acc2-2d3f74506db7" TableNameTag="AD_Process_Para" TableIdTag="285" Last_Updated="1604368263000" Name="cmd_PayPrint" Description="" FieldLength="0" AD_Reference_Value_ID="54192" AD_Reference_Value_IDUUID="f93d0644-b165-43d8-899c-98323ebcc534" IsActive="true" IsMandatory="true" ValueMax="" ColumnName="cmd_PayPrint" Help="" IsRange="false" ReadOnlyLogic="" IsCentrallyMaintained="true" DefaultValue2="" VFormat="" ValueMin="" DefaultValue="" DisplayLogic="" IsInfoOnly="false" AD_Process_Para_ID="57487" EntityType="D" AD_Process_ID="1000002" AD_Process_IDUUID="70a16fed-7e39-4978-ab91-49fe5cdb50cd" AD_Reference_ID="17" AD_Reference_IDUUID="a47d899c-fb40-11e8-a479-7a0060f0aa01" AD_Val_Rule_ID="" SeqNo="40" AD_Element_ID="61246" AD_Element_IDUUID="f14b13f8-9900-4b35-8705-542c972058f9" UUID="8fcffc5d-970e-4bae-acc2-2d3f74506db7"/>
    <GenericPO_AD_Reference AD_ReferenceUUID="a47d88fc-fb40-11e8-a479-7a0060f0aa01" TableNameTag="AD_Reference" TableIdTag="102" Last_Updated="1566598719000" ValidationType="D" IsActive="true" Help="" IsOrderByValue="false" VFormat="" Name="Yes-No" Description="CheckBox" AD_Reference_ID="20" EntityType="D" UUID="a47d88fc-fb40-11e8-a479-7a0060f0aa01"/>
    <GenericPO_AD_Process_Para AD_Process_ParaUUID="7f73150d-10b8-4cbe-a8f9-8b448618e95c" TableNameTag="AD_Process_Para" TableIdTag="285" Last_Updated="1604366583000" Name="PrintRemittance" Description="" FieldLength="1" AD_Reference_Value_ID="" IsActive="true" IsMandatory="true" ValueMax="" ColumnName="PrintRemittance" Help="" IsRange="false" ReadOnlyLogic="" IsCentrallyMaintained="true" DefaultValue2="" VFormat="" ValueMin="" DefaultValue="N" DisplayLogic="" IsInfoOnly="false" EntityType="D" AD_Process_ID="1000002" AD_Process_IDUUID="70a16fed-7e39-4978-ab91-49fe5cdb50cd" AD_Reference_ID="20" AD_Reference_IDUUID="a47d88fc-fb40-11e8-a479-7a0060f0aa01" AD_Val_Rule_ID="" SeqNo="50" AD_Element_ID="1000010" UUID="7f73150d-10b8-4cbe-a8f9-8b448618e95c"/>
    <GenericPO_AD_Reference AD_ReferenceUUID="a47d8316-fb40-11e8-a479-7a0060f0aa01" TableNameTag="AD_Reference" TableIdTag="102" Last_Updated="1501559195000" ValidationType="D" IsActive="true" Help="" IsOrderByValue="false" VFormat="" Name="Date" Description="Date mm/dd/yyyy" AD_Reference_ID="15" EntityType="D" UUID="a47d8316-fb40-11e8-a479-7a0060f0aa01"/>
    <GenericPO_AD_Element AD_ElementUUID="8cc82852-fb40-11e8-a479-7a0060f0aa01" TableNameTag="AD_Element" TableIdTag="276" Last_Updated="946792800000" PO_Help="" ColumnName="DateTrx" AD_Element_ID="1297" Name="Transaction Date" Description="Transaction Date" PO_Description="" IsActive="true" PO_Name="" Help="The Transaction Date indicates the date of the transaction." PrintName="Trx Date" PO_PrintName="" FieldLength="7" AD_Reference_ID="15" AD_Reference_IDUUID="a47d8316-fb40-11e8-a479-7a0060f0aa01" EntityType="D" AD_Reference_Value_ID="" UUID="8cc82852-fb40-11e8-a479-7a0060f0aa01"/>
    <GenericPO_AD_Process_Para AD_Process_ParaUUID="bab63aaf-3c1c-42cc-a605-f86fcaba43de" TableNameTag="AD_Process_Para" TableIdTag="285" Last_Updated="1604369095000" Name="Transaction Date" Description="Transaction Date" FieldLength="7" AD_Reference_Value_ID="" IsActive="true" IsMandatory="false" ValueMax="" ColumnName="DateTrx" Help="The Transaction Date indicates the date of the transaction." IsRange="false" ReadOnlyLogic="" IsCentrallyMaintained="true" DefaultValue2="" VFormat="" ValueMin="" DefaultValue="" DisplayLogic="" IsInfoOnly="false" AD_Process_Para_ID="57492" EntityType="D" AD_Process_ID="1000002" AD_Process_IDUUID="70a16fed-7e39-4978-ab91-49fe5cdb50cd" AD_Reference_ID="15" AD_Reference_IDUUID="a47d8316-fb40-11e8-a479-7a0060f0aa01" AD_Val_Rule_ID="" SeqNo="60" AD_Element_ID="1297" AD_Element_IDUUID="8cc82852-fb40-11e8-a479-7a0060f0aa01" UUID="bab63aaf-3c1c-42cc-a605-f86fcaba43de"/>
    <GenericPO_AD_Reference AD_ReferenceUUID="4c680b5a-909c-4151-bad5-0c9e26cbc01a" TableNameTag="AD_Reference" TableIdTag="102" Last_Updated="1604438384000" ValidationType="L" IsActive="true" Help="" IsOrderByValue="false" VFormat="" Name="CheckPrintOutput" Description="" EntityType="U" UUID="4c680b5a-909c-4151-bad5-0c9e26cbc01a"/>
    <GenericPO_AD_Ref_List AD_Ref_ListUUID="89fbcaee-c5b2-4ee2-a93b-4b048f3148b3" TableNameTag="AD_Ref_List" TableIdTag="104" Last_Updated="1604091492000" IsActive="true" AD_Reference_ID="1000021" AD_Reference_IDUUID="4c680b5a-909c-4151-bad5-0c9e26cbc01a" Value="01" Description="" ValidFrom="" Name="DirectPrint" ValidTo="" EntityType="U" UUID="89fbcaee-c5b2-4ee2-a93b-4b048f3148b3"/>
    <GenericPO_AD_Ref_List AD_Ref_ListUUID="4ededdd0-f0db-41b6-b726-661aed6aa05a" TableNameTag="AD_Ref_List" TableIdTag="104" Last_Updated="1604091525000" IsActive="true" AD_Reference_ID="1000021" AD_Reference_IDUUID="4c680b5a-909c-4151-bad5-0c9e26cbc01a" Value="02" Description="" ValidFrom="" Name="Impresion PDF" ValidTo="" EntityType="U" UUID="4ededdd0-f0db-41b6-b726-661aed6aa05a"/>
    <GenericPO_AD_Ref_List AD_Ref_ListUUID="2fdadb0c-eec8-4486-8581-23ba8947a3f9" TableNameTag="AD_Ref_List" TableIdTag="104" Last_Updated="1604091546000" IsActive="true" AD_Reference_ID="1000021" AD_Reference_IDUUID="4c680b5a-909c-4151-bad5-0c9e26cbc01a" Value="03" Description="" ValidFrom="" Name="Abrir Pagos en Ventana" ValidTo="" EntityType="U" UUID="2fdadb0c-eec8-4486-8581-23ba8947a3f9"/>
    <GenericPO_AD_Element AD_ElementUUID="906de1fa-a307-4615-acde-ce68f98357ac" TableNameTag="AD_Element" TableIdTag="276" Last_Updated="1604438372000" PO_Help="" ColumnName="CheckPrintOutput" Name="CheckPrintOutput" Description="" PO_Description="" IsActive="true" PO_Name="" Help="" PrintName="CheckPrintOutput" PO_PrintName="" FieldLength="0" AD_Reference_ID="17" AD_Reference_IDUUID="a47d899c-fb40-11e8-a479-7a0060f0aa01" EntityType="U" AD_Reference_Value_ID="1000021" AD_Reference_Value_IDUUID="4c680b5a-909c-4151-bad5-0c9e26cbc01a" UUID="906de1fa-a307-4615-acde-ce68f98357ac"/>
    <GenericPO_AD_Process_Para AD_Process_ParaUUID="54228815-116c-46b5-a7da-4d5859d0637d" TableNameTag="AD_Process_Para" TableIdTag="285" Last_Updated="1604438374000" Name="CheckPrintOutput" Description="" FieldLength="0" AD_Reference_Value_ID="1000021" AD_Reference_Value_IDUUID="4c680b5a-909c-4151-bad5-0c9e26cbc01a" IsActive="true" IsMandatory="true" ValueMax="" ColumnName="CheckPrintOutput" Help="" IsRange="false" ReadOnlyLogic="" IsCentrallyMaintained="true" DefaultValue2="" VFormat="" ValueMin="" DefaultValue="" DisplayLogic="" IsInfoOnly="false" EntityType="D" AD_Process_ID="1000002" AD_Process_IDUUID="70a16fed-7e39-4978-ab91-49fe5cdb50cd" AD_Reference_ID="17" AD_Reference_IDUUID="a47d899c-fb40-11e8-a479-7a0060f0aa01" AD_Val_Rule_ID="" SeqNo="70" AD_Element_ID="1000267" AD_Element_IDUUID="906de1fa-a307-4615-acde-ce68f98357ac" UUID="54228815-116c-46b5-a7da-4d5859d0637d"/>
</adempiereAD>
