<?xml version="1.0" encoding="ISO-8859-1"?><?xml-stylesheet type="text/css" href="adempiereDocument.css"?><adempiereDocument>
    <header>SB_PayPrint_ValidationRules Package Description</header>
    <H1>Package Name:</H1>
    <packagename>SB_PayPrint_ValidationRules</packagename>
    <H1>Creator:</H1>
    <creator>1</creator>
    <H1>Email Address:</H1>
    <creatorcontact>1</creatorcontact>
    <H1>Created:</H1>
    <createddate>2020-11-10 10:23:57.0</createddate>
    <H1>Updated:</H1>
    <updateddate>2020-11-10 10:30:04.0</updateddate>
    <H1>Description:</H1>
    <description> </description>
    <H1>Instructions:</H1>
    <instructions> </instructions>
    <H1>Files in Package:</H1>
    <file>File: PackOut.xml</file>
    <filedirectory>Directory: \dict\</filedirectory>
    <filenotes>Notes: Contains all application/object settings for package</filenotes>
</adempiereDocument>
